cityEn,userName,comment,commentTime,praiseNum
hong-kong,JessieJAY820,111111,2025-06-07 09:19:52,0
hong-kong,mimimiminiuge,alert(2),2025-05-09 21:00:45,0
hong-kong,Whym7,维多利亚港令人印象深刻。,2024-12-19 23:56:50,0
hong-kong,likago,东京,2024-04-13 15:38:12,0
hong-kong,罗胖娃,挺好,2023-08-01 09:47:07,0
hong-kong,launbu111,8901298,2022-10-13 13:18:51,0
hong-kong,IGyw8899,夜城市，繁华节奏快,2021-06-20 14:18:48,0
hong-kong,sheeyee,人生中繁忙但不失美好的一段经历，喜欢繁华与天然浑然一体的舒适氛围,2021-04-26 23:29:06,0
hong-kong,小布丁小元宝,仅作为航班中转站，在机场转悠了一天~,2021-02-20 14:10:05,0
hong-kong,Chen_mm,香港的街道狭窄，生活节奏快，最不好的一点是，许多人看不起内地人的，特别讲国语的，我们讲粤语还好那么一点点。,2020-11-10 21:20:32,0
hong-kong,刘祥宇的游记生活,中西文化的交融，这里有繁华，有活力，有激情。,2020-09-01 16:53:39,0
hong-kong,王静0251,2008年我俩和爸爸妈妈带着VV一起去的，在那里和老公的弟弟一家相约同游。因为太出名，所以期望值很高，于是失望值就不小。没什么好吃的，我又不爱买东西，那打着“买东西，吃东西。”的头衔，终究不是我的追求。,2020-07-01 17:26:31,0
hong-kong,ALEX西行,部分港民素质较低，说普通话容易被歧视，服务员对陆客态度差。由于目前反中思想横行，不建议到香港旅行。,2020-05-04 20:04:23,0
hong-kong,柯显昱,第一次去迪士尼，因为游客弄坏水杯而理论,2020-04-02 18:50:27,0
hong-kong,玉树琳风,太好吃了。房价太贵。中环，兰桂坊，美女很多,2019-12-04 18:35:09,0
hong-kong,波塞咚咚,香港值得一去,2019-11-28 17:14:14,0
hong-kong,Gavin小朋友,从小看到大的香港电影，去了发现简直是童年回忆杀。,2019-11-12 10:31:48,0
hong-kong,monokrome,节奏很快的地方，但太多高楼了有点不太舒服说实话，不过等这段时间过了 或许会过去找在hk的朋友们,2019-10-08 01:51:36,0
hong-kong,Mentos曼瘦思,如果不是要追演唱会，不会考虑去，哈哈哈,2019-09-29 17:52:03,0
hong-kong,ceacea,去过太平山顶，去的时候是圣诞节，天气不好，下雨没看到风景，但是去蜡像馆我玩得很开心！第二天去了海洋公园，海洋公园挺好玩的，很适合家庭出游。,2019-09-07 23:36:36,0
macau,Whym7,威尼斯人蛮漂亮的。大三巴人太多。,2024-12-19 23:58:30,0
macau,PUI2017,我是地膽,2023-04-19 14:44:31,0
macau,Chen_mm,澳门整体感觉比香港好，人们也友善，香港人赚着国内人钱却看不起人。,2020-11-10 21:16:20,1
macau,王静0251,2008年我俩带着爸爸妈妈和VV一起从香港坐轮船过去的。让我欣赏的一个小地方，不遗余力地保留了很多古迹，而新潮的赌场却也雨后春笋般拔地而起。东西汇聚，新旧并存的绝妙演绎。,2020-07-01 15:10:20,0
macau,柯显昱,未满21岁 偷偷进赌场,2020-04-02 18:49:28,0
macau,Ballard,澳门虽小，但是其历史地位足够配得上她作为省级行政单位。葡萄牙人在澳门几百年的耕耘，给澳门带来了数不清的宗教文化遗产，并伴随着葡人大航海的脚步，让澳门成为了亚洲的贸易中心。在澳门，你可以用脚步丈量这个全世界人民共建的城市。,2020-01-12 11:01:38,0
macau,玉树琳风,赌钱还赚了点回来了,2019-12-04 18:35:34,0
macau,monokrome,猪肉铺好吃，但就怎么说蛋挞价格太不值得了。威尼斯人逛的不错,2019-10-08 01:54:06,0
macau,Meettttt,被葡萄牙殖民了好几个世纪的地方，浓郁的葡萄牙风情，走在路上有种身处欧洲的错觉。,2019-07-17 05:34:06,0
macau,十分猪,澳门之于香港，珠海之于深圳，前者静谧闲适，后者喧闹疾驰,2019-06-25 22:13:44,0
macau,user_DEEH0MOLG9,有钱男人的天堂。,2019-06-10 11:24:14,0
macau,李比尔盖饭,人山人海。      能赢钱。,2019-05-16 22:04:20,0
macau,阿八的橙子,多人,2019-04-29 10:49:01,0
macau,Sissi公主爱妈妈,赌场没有去,2019-04-16 19:44:18,0
macau,user_1Sji0LxSpy,葡国菜,2019-04-16 01:05:08,0
macau,yaya0422,钜记手信,2019-04-15 15:34:43,0
macau,76ers,豪华,2019-04-07 12:20:55,0
macau,国伦,有很多漂亮的古老街道…很有特色…,2019-03-29 12:27:05,0
macau,蓝布格子,别样风情,2019-03-29 00:02:47,1
macau,云锦天章,舒适，不赌钱，你也能找到好玩的地方。,2019-03-27 14:12:37,0
taipei,IGyw8899,热闹，夜城市热情,2021-06-20 14:18:05,0
taipei,user_cK9H0OY4kH,台北去了二次，16年要换届，15年12月再去，拖了几年还是封，台湾软件服务可以，硬件建设落后，宝岛二次玩，,2020-04-07 18:10:24,0
taipei,kkishere,台北第一眼看像是内地二三线城市，但那只是公共设施和高楼大厦的外貌而已。真正值得慢慢品味，不适合暴走，多呆几天感受这里人文气息和风土人情,2019-06-04 22:50:31,0
taipei,Jo_W,几年内去了多次，日胜升加贺屋的会席不错,2019-05-22 07:20:40,0
taipei,咦我们见过吗,101大楼确实不好看啊,2020-03-22 12:38:01,0
taipei,Sissi公主爱妈妈,喜欢夜市,2019-04-16 19:44:40,0
taipei,iwendyzhan,淡水棒棒哒,2019-04-09 12:32:58,0
taipei,XiaoNs_Enc,好,2019-04-02 22:46:41,0
taipei,国伦,去了这么多次还是很喜欢这个地方……交通很方便…这里的人又很亲切…,2019-03-29 12:29:47,0
taipei,云锦天章,热情礼貌。,2019-03-27 14:13:15,2
taipei,kanly-lk,小清新,2019-03-24 09:32:19,0
taipei,爆音小子,101各种夜市文化,2019-03-06 00:08:30,0
taipei,futurehihi,人群,2019-03-04 10:44:44,0
taipei,leonlizhou,历史特色,2019-02-26 16:12:22,0
taipei,小手一挥爱TM谁,台北故宫，各种夜市,2019-02-19 14:57:06,0
taipei,咕兔兔,机车很吵,2019-02-07 01:02:04,0
taipei,XL木马,这个城市不需要导览，只需要慢慢融入,2019-01-27 13:46:32,0
taipei,挥着翅膀的猫,台湾人很嗲，台湾又很熟悉的味道,2019-01-23 22:21:02,0
taipei,marcia0000,值得花时间慢慢“寻宝”的地方,2019-01-23 14:19:16,0
taipei,SHGCOM艾希,失去哪里,2019-01-20 19:34:17,0
taiwan,被窝是青春的坟墓,慢节奏很舒服,2022-07-21 14:34:41,0
taiwan,wulalababy,过去的时光停留在台北的街头巷尾以及台北以外的城市里,2019-11-12 03:54:36,0
taiwan,履风人漫游记,至个人自由行取消，一共去了8次的地方，除了离岛，几乎所有地方都去过，最喜欢的还是花莲，纯粹的海蓝色，水田与山相映，时间就那样轻飘飘地溜走了。,2019-10-20 00:49:19,1
taiwan,av1359,人文很喜欢，美食更加爱，性价比非常好av1359,2019-10-12 02:47:44,0
taiwan,tanya田,太平洋的风,2019-09-10 23:49:36,0
taiwan,劼飞,热情有礼。,2019-07-04 14:30:56,0
taiwan,小丸纸去日本,慢生活 人们很友好 文艺十足,2019-06-14 16:43:10,0
taiwan,走遍雪山,很不错！,2019-06-12 12:57:25,0
taiwan,玎言,来了台北和花莲～就单纯的景而言，真的是一言难尽～就看看人吧～大部分还是很善良的～,2019-05-22 21:13:33,0
taiwan,咦我们见过吗,服务态度没的说，不管是酒店、交通、餐饮店的从业人员都非常友好。,2019-05-14 10:34:28,0
taiwan,yaya0422,最爱,2019-04-15 15:35:11,0
taiwan,zhaoyinxia,寻找心中的古早味,2019-04-14 20:00:09,0
taiwan,user_tDUo0LqmiD,啊,2019-04-09 22:11:24,0
taiwan,长沙唐公子,舒服,2019-04-08 15:17:03,0
taiwan,薇珀,想去台湾就觉的暖心又暖胃！,2019-04-07 22:38:58,0
taiwan,扭腰一枝花,并没有想象中的惊艳，也許就是因為他的舊，才會讓你的心更加安靜！,2019-03-31 23:09:30,0
taiwan,小安静呀,台湾真的是一个适合我去的地方，你可以随便瞎逛，喜欢的不是那里的风景，而是人,2019-03-29 12:34:26,0
taiwan,国伦,浓浓的人情味，美美的景色,2019-03-29 12:28:22,0
taiwan,Wang57,阿扁执政时，过转曼谷到台北。,2019-03-28 22:21:58,0
taiwan,carfche,之前去了台北   垦丁和花莲，很喜欢台湾   五一小长假要再去玩,2019-03-26 19:03:12,0
beijing,user_g0Xw0VJ7m0,结束后,2025-03-31 16:40:14,0
beijing,user_2Ieh0Vsa5E,因为考学去过2次，浅尝辄止,2024-10-09 16:25:11,0
beijing,Johor_Strait,总算能点国内的城市了？,2023-12-01 00:18:47,1
beijing,JELive,家在北京,2023-06-24 16:48:49,0
beijing,军中绿花中的黑百合,京西古道，京门铁道古迹历史遗址，直接导航，坐公交车。三个小时单程，周末安排的话一定要早上出发导航到嬉水湾，下车步行朝着妙峰山，就能找到半山腰。徒步的人们，找到隧道楼梯就能下去从1号隧道开始每一条隧道100米长光线比较暗,2022-04-18 14:04:33,0
beijing,fant4s,文化,2021-12-26 16:45:30,0
beijing,handsome1234,我的第三故乡,2021-08-31 12:12:22,2
beijing,横行九州1,北京故宫、北京雍和宫、国家博物馆、北京恭王府都是很值得去参观的地方，但旺季却很难预约到门票，抢不到 怎么样办？,2021-08-01 07:59:28,0
beijing,mylmmm,北京去了很多次了，中国的首都。,2021-06-26 16:49:45,0
beijing,沈阳龙哥,2007年,2021-02-19 12:55:11,0
beijing,alegria_1122,分别的时间太长，记忆有些模糊，有机会还要来走走,2020-06-09 11:18:51,1
beijing,咦我们见过吗,待了这么多年，好像爱的也没有更多。是早高峰挤死人的南站4号线地铁，也是近郊荒无人烟的大空地。待开发的地方真的比想象中多得多。,2020-03-25 12:50:08,1
beijing,rainbowliu1,生活20多年的地方，人多、车多、景多,2020-03-02 07:50:21,0
beijing,xuliang4423,OK,2020-01-12 23:38:43,0
beijing,wwwendao,live in Beijing,2019-10-19 08:08:48,0
beijing,seek_fan,天朝上国。,2019-10-08 13:48:37,0
beijing,hdThomas,繁華、古建多、空氣差,2019-06-23 14:50:22,3
beijing,Magn1,紫禁城 文化 历史 烤鸭 长城,2019-06-15 15:23:36,0
beijing,飛_悉尼,1,2019-06-12 11:57:55,0
beijing,一吃核桃就过敏,家,2019-06-05 18:51:41,0
shanghai,user_2Ieh0Vsa5E,华丽的城市，我喜欢大城市的氛围,2024-10-09 16:24:39,0
shanghai,Johor_Strait,差一点就在上海生活了吧。,2023-12-01 00:18:56,1
shanghai,user_4hm70PLwPJ,1,2023-11-30 16:03:01,0
shanghai,CindyJxy,fancy,2023-10-11 12:13:39,0
shanghai,fant4s,生活气息,2021-12-26 16:45:50,0
shanghai,pjyloveya,繁华,2021-08-19 14:28:22,0
shanghai,夏日拧,好玩,2021-07-02 12:27:30,0
shanghai,mylmmm,上海是中国很现代的城市之一。,2021-06-26 16:47:59,1
shanghai,winniexyxiong,"#public speaking# 每周三晚上7-9点, 上海金融广场4层,欢迎参加英文演讲和会议。通过zoom参加: 734 519 8618,  密码 5A Online 
联系 826160893 or  luxl126 (微信)",2021-04-23 16:03:37,1
shanghai,秦川片羽,已经有一两年没有真正到其他城市去旅游过了，倘若在自己的城市中平日不居住的那一侧游赏也能算做旅游的话，上海的老租界地应当是去的次数最多、感触最深、最熟知的地带。它像稳当浮在我日常生活上方一点的高度的云，亲善、博学、受到敬重；作为一个看似新而外,2020-12-01 20:46:16,0
shanghai,付洪蕾,市区很繁华整洁，市民的素质不错。郊区和江南地区的二线城市一般无二。,2020-10-11 18:46:52,0
shanghai,alegria_1122,大上海 需要时间和年龄来品味,2020-06-09 11:08:09,0
shanghai,marvinmu,有味道地大城市,2020-04-26 11:41:19,0
shanghai,柯显昱,2013年 高考完去上海。还去了苏州，杭州。,2020-04-02 18:43:04,0
shanghai,咦我们见过吗,大都市的风貌，到处写满了洋洋洋,2020-03-24 13:54:29,0
shanghai,seek_fan,魔都，到处都是潮流的气息,2019-10-08 13:46:57,0
shanghai,user_YGGB0NEhPj,南京,2019-07-17 20:42:56,0
shanghai,飛_悉尼,1,2019-06-12 11:56:24,0
shanghai,常棣,秋天去余庆路衡山路看那里的落叶，有不少文青，离衡山坊也近,2017-03-09 14:52:15,2
shanghai,鳶尾花,生我养我的地方，怎么不喜,2017-01-14 12:47:51,0
chengdu,Johor_Strait,四川人，去过成都的次数没法数。,2023-12-01 00:17:39,2
chengdu,大庆市周佳明,我去过了成都！,2023-02-05 22:19:39,1
chengdu,沈阳龙哥,2006年,2021-02-19 12:56:11,0
chengdu,momoogata,拉萨转机没降落得以有幸在成都吃了一次火锅~,2020-10-11 14:25:30,1
chengdu,三大营,火锅好吃,2020-08-31 15:53:19,0
chengdu,ZOE1412,弯弯的蓉城,2020-05-11 16:56:57,0
chengdu,marvinmu,好吃,2020-04-26 11:41:32,0
chengdu,咦我们见过吗,细雨绵绵的夏季成都，真是慢节奏宜居的地方。当时房价便宜！现在就高攀不起了……,2020-03-24 13:53:41,0
chengdu,花妹她姐,生长的地方,2019-12-16 22:29:57,0
chengdu,zj8225362,川大环境优美,2019-10-30 22:38:26,2
chengdu,Kian-Li,吃的很好吃，想再去一次,2019-10-05 10:26:02,0
chengdu,user_Hi1m0L4gSa,大熊猫！红糖糍粑！冰粉！,2019-06-28 08:24:27,0
chengdu,十分猪,氤氲的雾气，水嫩的红颜,2019-06-25 22:20:45,0
guangzhou,user_2Ieh0Vsa5E,赶着国庆节去了一下，四天三晚，印象非常好的城市,2024-10-09 16:16:19,0
guangzhou,icyinno,靓妹们不太理睬外地人，需要用粤语沟通才会过来服务。吃的没顺德多，总体而言还是一个比较有历史的城市。,2024-01-19 15:23:12,1
guangzhou,Johor_Strait,广州最好是冬天去，又暖和又不湿。,2023-12-01 00:18:08,2
guangzhou,pjyloveya,粤菜,2021-08-19 14:28:43,0
guangzhou,沈阳龙哥,2015年,2021-02-19 12:50:50,0
guangzhou,momoogata,16年春节去的~,2020-10-11 14:27:51,1
guangzhou,冯鱼鱼,很多吃的,2020-09-26 17:37:46,0
guangzhou,王静0251,高中毕业后，记不清是大一还是大二的春节，原本约了高中同学，临时变卦，在爸爸妈妈的鼓励下，最终和弟弟两个人足足坐了一天一夜的火车，去了好友颜所在的中山大学。现在看来玩是没怎么玩，但姐弟情，好友情却得以完美体现。也开创了日后自助游的先例。,2020-07-01 16:06:38,2
guangzhou,吉祥如意杨子弹,大爱早茶！,2020-04-20 11:39:15,0
guangzhou,咦我们见过吗,老广的潮湿和甜蜜,2020-03-30 10:31:55,0
guangzhou,月山_,20190824--20190827,2019-08-29 22:03:47,0
guangzhou,yyyyyuet,四年小谷围村民,2019-08-22 06:40:37,0
guangzhou,user_Hi1m0L4gSa,我的美食天堂！,2019-06-28 08:23:57,0
guangzhou,十分猪,食在广州，这一点秒杀深圳,2019-06-25 22:19:24,0
guangzhou,phyllisshao,人多,2019-05-07 08:38:45,0
guangzhou,mwinxun,商贸之都,2019-05-01 18:32:02,0
guangzhou,鳶尾花,美食之都，吃货之福,2017-01-15 11:34:39,0
hangzhou,user_2Ieh0Vsa5E,五一节日去了，人超多,2024-10-09 16:25:38,0
hangzhou,Johor_Strait,每次去杭州都很微妙。,2023-12-01 00:18:32,0
hangzhou,pjyloveya,西湖美景,2021-08-19 14:19:43,0
hangzhou,Konzept,西湖十景指分布在杭州西湖周围的十个有代表性的景点。通常是指苏堤春晓、曲院风荷、平湖秋月、断桥残雪、花港观鱼、南屏晚钟、双峰插云、雷峰夕照、三潭印月以及柳浪闻莺这十个景点，,2021-03-09 17:05:25,3
hangzhou,沈阳龙哥,2006年和2019年,2021-02-19 12:49:44,0
hangzhou,王静0251,无论那里变成什么样子，都曾经是我心目中的天堂。,2020-07-01 16:57:48,0
hangzhou,王小树wqy,四季分明 西湖 博物馆,2019-08-29 16:07:32,1
hangzhou,chaokeai,西湖、灵隐寺、自驾、望湖酒店,2019-07-31 11:18:59,0
hangzhou,鳶尾花,杭州的节奏比较慢，有时会有点不习惯,2017-01-15 11:35:52,0
nanjing,user_2Ieh0Vsa5E,从大学到现在，生活的地方,2024-10-09 16:24:55,0
nanjing,瞳妞宝贝,行走在诗文与历史中,2024-03-09 21:22:16,0
nanjing,Johor_Strait,啊，总算有大蓝鲸了！,2023-12-01 00:19:21,1
nanjing,pjyloveya,我的家乡,2021-08-19 14:29:07,0
nanjing,沈阳龙哥,2008年,2021-02-19 12:42:59,0
nanjing,王静0251,读大学的时候和同学乘火车去的。刚到那里时简直都不想回上海了，马路又宽又直，两旁绿树成荫，跟上海的十里洋场真是天壤之别。而后的莫愁湖畔闹别扭，和不知不觉中吃了顿霸王餐，都给我们留下了年少轻狂的记忆。,2020-07-01 17:51:43,2
nanjing,zj8225362,江苏检察官学院，岗位素能标准研制。茅山,2019-10-30 22:59:09,1
nanjing,你在读我的id吗,梧桐树,2019-10-17 16:01:22,0
nanjing,da_qiangge,不错,2019-08-29 20:21:43,0
nanjing,chaokeai,国际米兰、苏宁、夫子庙,2019-07-31 11:16:51,3
xiamen,user_2Ieh0Vsa5E,小的时候生活过，一个典型海滨城市,2024-10-09 16:26:39,0
xiamen,DZK103,难忘的城市,2022-07-01 09:23:12,0
xiamen,郁南瓜,从0岁到18岁在厦门生活过。,2022-04-26 20:00:55,0
xiamen,林北来过,xxxxxxxxxxxxxxxxxxxxxxxxx,2020-08-02 21:51:52,0
shenzhen,anning126,充满现代感和效率感。,2025-02-19 15:15:34,0
shenzhen,user_2Ieh0Vsa5E,从广州过来很快，顺便来一下，和香港好近,2024-10-09 16:26:17,0
shenzhen,hunterna,搞钱！！,2023-02-18 01:15:50,0
shenzhen,关小宝,非土著深圳人,2022-10-10 17:20:32,0
shenzhen,冯鱼鱼,很舒服,2020-09-26 17:38:14,0
shenzhen,王静0251,2008年我俩去深圳是为探访那里的大姑姑，主要是因为要和从上海出发先我俩抵达那里的爸爸妈妈和VV相会后去香港澳门玩，所以没有真正游玩。然而小表哥家的富丽堂皇给我们留下了极好的印象。,2020-07-01 16:15:50,0
shenzhen,柯显昱,2015年 大一寒假去南方过年，还去了中山，珠海。,2020-04-02 18:46:36,0
shenzhen,咦我们见过吗,来了就是深圳人，一切都是年轻的、崭新的、积极的、包容的。很喜欢这里。,2020-03-30 14:59:15,1
shenzhen,wwwendao,罗湖口岸过关去香港很方便,2019-10-19 08:05:46,1
shenzhen,MIAO_MIAOMIAO,转机,2019-10-11 06:52:19,0
chongqing,ricola_007,山城名不虚传，行到脚软,2023-03-31 00:44:39,0
chongqing,pjyloveya,期待,2021-08-19 14:19:18,0
chongqing,刘祥宇的游记生活,这里有酒，有锅，有故事，你要和我一起吗？,2020-09-01 16:54:14,1
chongqing,三大营,湖广会馆印象深刻,2020-08-31 15:53:54,0
chongqing,marvinmu,好吃,2020-04-26 11:41:48,0
chongqing,zj8225362,2010.7三峡游轮下船，洪崖洞,2019-10-30 23:02:36,0
chongqing,十分猪,比蚊香还弯的道路，在这里不要向人问路，东南西北不知所措,2019-06-25 22:18:48,0
chongqing,qintalent,雾都、山城、火锅。,2016-10-07 16:16:58,0
sanya,大庆市周佳明,我取过了三亚，见到牧牧了！,2023-02-05 22:12:02,0
sanya,jameswang17,那里淡季5星级酒店就是便宜。,2022-02-24 15:46:04,0
sanya,子虎sama,连续去了7年，从某种意义上也见证了这座旅游城市的发展。很暖和，除了过年那几天，基本穿短袖就可以。,2022-02-22 16:00:19,0
sanya,pjyloveya,海边,2021-08-19 14:29:28,0
sanya,三大营,度假区和生活区的割裂有些明显,2020-08-31 15:52:37,0
sanya,mondayhuang,目前为止去得最多的城市,2020-07-25 11:18:14,0
sanya,zj8225362,"2016.6一家老小六口
2017.9娘四口",2019-10-30 22:42:03,0
suzhou,user_2Ieh0Vsa5E,去过3次，2次去玩1次送学，不错的城市，就是市中心一直在修路,2024-10-09 16:27:39,0
suzhou,山药不吃饭,在这里生活,2021-08-31 20:40:41,0
suzhou,pjyloveya,古镇,2021-08-19 14:29:38,0
suzhou,夜鹰1957,美丽的江南,2021-04-12 16:33:30,0
suzhou,沈阳龙哥,2006年,2021-02-19 12:49:12,0
suzhou,王静0251,小学时的冬令营去的苏州，好像没有记忆了。就算安排了参观，当时应该也不懂欣赏出名的园林设计。对于后来学土木和建筑的我俩来说，一定会再去细细品味的。,2020-07-01 17:45:09,0
suzhou,阿烈憨大,666,2020-06-29 22:25:39,0
zhuhai,zjx027,航展必去之地,2021-05-07 13:11:24,0
zhuhai,时迁-,珠海确实是一个美丽的城市，希望以后能有机会去,2020-12-22 18:48:44,0
zhuhai,柯显昱,2015年 去了伶仃岛，记忆里第一次坐船登岛（三峡不算）,2020-04-02 18:48:07,1
xian,user_1Sff0Vzcfh,去过好几次，很美。,2024-12-20 10:54:44,0
xian,user_2Ieh0Vsa5E,度过了两个晚上，愉快的周末,2024-10-09 16:29:01,0
xian,user_wzlB0QPIyO,大学在这里度过了四年。,2020-09-16 12:03:15,0
xian,柯显昱,2019年 第三次考GMAT的地方,2020-04-02 18:58:27,0
xian,琳达商,13朝古都，最值得去的中国城市之一。,2020-01-08 14:25:24,0
xian,zj8225362,2019.10.11再次到西安，大唐不夜城不错,2019-10-30 22:40:08,1
xian,大庆市周佳明,我去过了西安！,2019-10-08 09:59:52,0
xian,石灰水君,"应该多个选项-生活着。
我爱长安！太多好吃的了！",2019-09-13 04:09:22,0
xian,桃子喵酱酱,彪悍的民风 多样的美食,2019-08-06 16:10:34,0
xian,七度心寒,在西安上了四年学，印象最深的是他正南正北的马路，和淳朴的民风，和无数种面食。去过两次大雁塔还不错在市里比较方便。大雁塔外围是喷水官场与大雁塔内部的古朴宁静形成对比。对于去西安出差想玩会又没多少时间的人还是值得一去的！,2016-07-13 10:01:43,14
beijing,phyllisshao,只去了清华大学，北京大学，颐和园,2019-05-07 08:37:57,0
beijing,Dogdoge,在这里生活，在这里工作。麻木了，没什么分享的。此处只有一首《北京北京》能述说我内心的杂陈。,2019-05-06 14:00:36,0
beijing,花格子花花,老北京，吃烤鸭，串胡同,2019-04-30 17:12:01,0
beijing,Sukiio,霾真的纯正 喉咙痛,2019-04-21 13:32:37,0
beijing,William_Fei,好几次 停留,2019-04-12 09:04:29,0
beijing,user_c25C0Lshy6,泰国,2019-04-11 14:34:16,0
beijing,水市艹鱼儿,京腔,2019-04-09 16:36:04,0
beijing,harleychang,政治中心，呆了快八年,2019-04-08 02:42:42,0
beijing,Yvonne999,去过几次，有去游览的，也有去看演唱会的。,2019-04-06 14:17:01,0
beijing,ZOE1412,入驻祖国心脏,2018-02-11 09:39:31,0
beijing,henrycun,北京历史背景很深厚，人文景观很漂亮，值得一去，北京是世界第八大“美食之城”，居内地之首。北京的风味小吃历史悠久、品种繁多、用料讲究、制作精细，堪称有口皆碑。吊炉烧饼艾窝窝，叉子火烧刚卖得，又听硬面叫饽饽；烧麦馄饨列满盘，新添挂粉好汤圆。,2016-09-03 09:26:44,12
beijing,poemangle,青春六年，有太多回忆,2016-08-25 19:59:52,0
beijing,Mr_Seven17,北京是一个既古老又年轻的城市，无数古迹隐藏在这个城市的各个角落，不经意间闯入你的视线。庞大的城市隐匿着看不见的机遇与风险，年轻人可以在这里找到梦想，老年人也可以以享天年。,2020-08-10 14:02:18,0
beijing,依稀秋风在路上,北京是中国的首都，曾经北漂的时候在北京呆过1年多的时间，个人感觉背景没有上海好，北京空气污染的比较厉害，冬天的雾霾能吓死人，但是同时北京的互联网公司比较多，比较适合发展,2016-07-14 19:41:50,0
beijing,MsMol,大城市，便利又不便利，美丽又不美丽，传统与现代，东方与西方。爱或习惯,2016-07-02 22:28:48,0
beijing,Sandy-Zhu,这是我出生和长大的地方，我爱这里，又想从这里逃离，这里有我熟悉的一切，但却让我越来越不熟悉。,2016-05-31 15:30:09,0
shanghai,阿淡MMD,雾霾是会呼吸的痛。。。。QAQ,2016-01-08 20:25:30,0
shanghai,沐林mulin,有各种各样的文化，夜生活丰富。,2016-01-08 16:29:04,0
shanghai,金塞胖,shnese,2016-01-04 13:29:17,0
taiwan,是萌,"2017年12月底出行
一个美好的城市从每一个细节都能感觉得到她散发出来的温暖",2018-12-14 20:52:12,0
taiwan,rockjuliet,美,2018-12-12 12:14:54,0
taiwan,Chris小灵,虽然看上去已经有些旧酒的，但在剥皮楼和市井之间留了一些温暖的东西,2018-12-07 16:51:47,0
taiwan,kyo_sherry,台北的文人气很浓，花莲的生活气很浓，来了才知道，花莲居然是玩户外的好场所，滑翔伞，溯溪，轻航机都有，性价比也很高~,2018-11-28 18:50:45,0
taiwan,penny是个小流氓,嗲嗲的,2018-11-27 23:48:26,0
taiwan,海海海海走天下,每年去一次也不为过,2018-11-27 12:29:23,0
taiwan,黑暗塔,"安溥@小巨蛋首唱，2018年5月
高建军岳小三儿三人行中间偶遇点点小黑，2017年10月",2018-11-21 01:58:43,0
taiwan,嗳玛莉莉咝,人文很喜欢，美食更加爱，性价比非常好,2018-11-13 22:00:38,2
taiwan,rayrayxu,真心不错的地方，希望能保持两岸关系，大家能常来往。,2018-11-13 00:58:13,0
taiwan,wslzy0205,太喜欢，,2018-11-12 07:50:02,0
taiwan,pollyannaaa,文艺,2018-11-11 21:09:18,0
taiwan,celiamxmmm,服务周到，美食多，风景优美,2018-11-08 12:41:17,0
taiwan,yyxsunsnower,美，好吃，热情，素质高,2018-11-03 18:51:52,0
taiwan,ccyy77,人都很热情，东西都特别好吃，去过那么多地方，最喜欢的还是台湾，计划去第二次,2018-10-29 22:50:13,0
taiwan,yeye111,人民很朴实,2018-10-29 13:26:29,0
taiwan,Vivianwang1,很美的小岛，人文也好，都是同胞，感慨颇多！,2018-10-27 14:13:39,0
taiwan,我是自来卷卷,台湾最美的是人,2018-10-21 19:18:58,0
taiwan,陶小宝1991,希望再一次与他相遇,2018-10-17 15:41:21,0
taiwan,13802251004,我蛮喜欢台湾的，当时去了台南，垦丁，台北，喜欢没有语言障碍的沟通,2018-10-17 12:19:57,0
taiwan,MiNi炜锅锅,去了还想再去一次的地方,2018-10-16 11:53:00,0
taiwan,zhongqingliang,台北,2019-01-16 14:06:41,0
taiwan,安然1992,休闲度假的好地方,2019-01-15 14:31:22,0
taiwan,沙漏MM,台北,2019-01-13 17:14:46,0
taiwan,王大静爱学习,在垦丁学潜水，在淡水不流泪(๑ó﹏ò๑),2019-01-12 18:12:08,0
taiwan,爱幻想的丫头1,好玩,2019-01-10 14:13:33,0
taiwan,GoldilocksX,超级喜欢,2019-01-09 22:40:51,0
taiwan,想去流浪的骨头,环岛旅行 垦丁好漂亮,2019-01-09 13:48:04,0
taiwan,locusy,环岛旅途，很好,2019-01-09 09:08:21,0
taiwan,小林宏信,美丽而衰老的福尔摩沙,2019-01-08 17:51:17,0
taiwan,筱筱A,文艺,2019-01-08 16:40:23,0
taiwan,小胖美妞,城市干净整洁，台湾人很热情,2018-12-29 11:18:24,0
taiwan,faeces,地震,2018-12-27 01:00:26,0
taiwan,烟丝欲袅,挺喜欢的鸭,2018-12-26 21:38:37,0
taiwan,无畏不惧,日月潭 博物馆,2018-12-24 19:59:14,0
taiwan,shining910,温暖的城市，可玩性强，人民热情,2018-12-20 14:59:05,0
taiwan,就是余子轩,台南，台中，台北高雄,2018-12-19 21:00:06,0
taiwan,_Jt,景点没想象中好，但是食物很好吃，夜市也好逛,2018-12-17 18:28:25,0
taiwan,思红sunnie_e,很喜欢，特别喜欢花莲,2018-12-17 16:15:15,0
taiwan,花灯,很好,2018-12-16 00:27:24,0
taiwan,jacieli,门票好像100多，进去看的夜景感觉很一般啊…没惊艳到,2018-12-15 19:10:25,0
taiwan,soyasong,小情小调,2019-02-15 10:41:34,0
taiwan,翼の折,台湾最美的不是风景，而是人！,2019-02-14 23:51:38,0
taiwan,阿白要崛起,人情味足，文艺小清新,2019-02-13 17:43:05,0
taiwan,金阿姐,"干净卫生文明
热情",2019-02-13 03:34:41,0
taiwan,伊然想流浪,下着小雨的灰色旧墙，干净清新 满街带着头盔的小绵羊有序奔波 听过无数歌曲里唱到的街道 走遍踏满回忆的马路。那时候的你是怎样？那时候的我在哪里。,2019-02-11 23:20:13,0
taiwan,David83,台湾美食很多，主要与福建潮汕一带雷同。台北以为高雄、台中、基隆等地相对落后。,2019-02-11 11:14:10,0
taiwan,榴莲妹妹吧,台南，台北，台中逢甲，高雄,2019-02-10 12:08:13,0
taiwan,lyt1991tt,深受台剧影响 特别想去的地方,2019-02-10 06:10:28,0
taiwan,Chloeee75,Sweet home,2019-02-07 15:56:37,0
taiwan,咕兔兔,只在台北呆了,2019-02-07 01:06:29,0
taiwan,骑车回南京,台北,2019-01-30 10:53:37,0
taiwan,xxxlayal,是一个非常美好的城市，下次还会再来的。,2019-01-30 00:40:04,0
taiwan,宇哥哥666,台湾,2019-01-29 19:37:41,0
taiwan,XL木马,台湾最美的风景是人,2019-01-27 13:45:54,0
taiwan,猫耳朵想周游世界,海很蓝，空气很温柔～,2019-01-26 20:12:32,0
taiwan,Haroldtodd0407,特别美！还想去！,2019-01-24 01:10:00,0
taiwan,汤圆~~,垦丁好棒,2019-01-23 23:38:47,0
taiwan,先生姓崔,节奏生活，浓郁的人文气息，每个人都很友善，还有世界各地的漂亮小姐姐???,2019-01-22 13:12:22,0
taiwan,Alice720,"小黄车很方便
台湾人很热情",2019-01-20 08:57:05,0
taiwan,Margaret1234,台湾的芒果没有让我过敏过：每晚都必去夜市-大肠包小肠，鸡屁股，木瓜牛奶，糯米肠等等等等；住了两家温泉酒店，很奶思,2019-01-18 23:39:38,0
taiwan,yoanaloves,好吃又好玩,2019-03-24 20:40:25,0
taiwan,任性的老娘,浪漫！,2019-03-24 08:56:01,0
taiwan,谢薇儿,风景优美，人也很好,2019-03-12 22:16:15,0
taiwan,^^菡蓁^^,出差去博物馆半日游,2019-03-10 19:29:11,0
taiwan,jesse_ma,美,2019-03-10 14:48:18,0
taiwan,futurehihi,舒服,2019-03-04 10:44:15,0
taiwan,verasmoon,2015.01,2019-03-03 20:46:41,0
taiwan,MCK2019,台北，台中，台南  高雄。 相同的语言，夜市小吃很多 ，夜生活也很丰富。,2019-03-03 09:57:59,0
taiwan,开心走吧,台北101烟花晚会值得一看，台北夜市也值得一逛！,2019-03-01 19:57:36,0
taiwan,MiaJi,乡村 101大厦,2019-02-28 17:11:03,0
taiwan,LHsY,"集体性的“温良恭俭让”
生活和学习的地方",2019-02-27 02:03:12,0
taiwan,华华华华华华华华华,无,2019-02-25 20:50:47,0
taiwan,jessie_blue,"去宝岛，看人文。
大家态度都那么好，说话软软的，就是吃的口味偏淡，鱼汤还带甜味。",2019-02-25 08:44:07,0
taiwan,黑黑黑喂狗,出差去过2周，挺好的,2019-02-25 00:41:50,0
taiwan,HwangMengKwan,台湾是我第一次出境到的地方，先前对台湾的印象是从电视和大人们口中得来的，家在闽南，和台湾的往来密切，不由得会在脑海中勾勒出一个想象中的世界。初到台湾，友善的人、靓丽的景，都让我感觉到温暖。和当地人用闽南语交流，认识了好友Tony，感恩这一切,2019-02-24 21:11:16,0
taiwan,zono0111,good,2019-02-22 21:46:37,0
taiwan,小手一挥爱TM谁,干净整洁，湾湾小哥哥小姐姐说话hin温柔,2019-02-19 14:55:44,0
taiwan,慧小栗,环岛一圈，认识台湾宝岛的富饶与传统文化的沉淀,2019-02-17 05:09:54,0
taiwan,cyberkid,宝岛很美,2019-02-16 23:46:07,0
taiwan,程明甜,环岛骑行，美好的回忆。,2019-02-16 20:19:18,0
taipei,马尔科姆,很有人情味的地方，小吃大赞。还会再去,2018-05-21 07:52:46,0
taipei,砖砖砖砖砖,台北不再是童年里的梦 成为了最美好的现实 能第一次和好姐妹去闯荡江湖真的是超级开心 很美好的一段回忆 愿我们多年后能一起回忆,2018-05-14 22:15:33,5
taipei,蓝芷,"第一次住台湾的民宿就是在台北，小碎花的床单，冰箱里的牛奶、床头桌上的小零食，柜子里主人家的小照片，仿佛是在某个朋友家做客。
在台北的几天都在下雨，难怪孟庭苇有首“冬季到台北来看雨”的歌。",2018-05-14 18:12:35,5
taipei,blue大姊頭,就像其他全球國際大都市一樣，台北捷運裡行色匆匆的人們，有著快節奏的步調，深怕錯失這城市每一瞬間變化。但絢爛的外表之下，台北巷弄的風景卻告訴你匆匆一瞥是看不清它多變的風貌；斑駁的牆面說著它的歷史、不起眼的路邊攤向你強調美食是生活的基礎。,2018-05-12 16:30:18,20
taipei,繁繁是白羊座,形貌如同阳明山的洁白海芋，脾性如同故宫的敦厚铜器，似海纳百川、包罗万象，又似温情浪漫、只如初见,2018-05-08 19:53:56,10
taipei,fruitlover,故宫,2018-05-06 02:15:26,0
taipei,tengfans,不舍得离开。城市建设虽然不算新，但适合居住。物价便宜。气候舒适。人民很友善。服务很多方面很人性化。城市不算大，出行方便。购物便利，有很多商场。以后会推荐人来台北玩。我最怀念台北的物价还有牛肉面。,2018-03-08 17:03:35,2
taipei,IAmChrisTang,我的故乡有一个小镇叫『北台』，我儿时的梦想是一定有一天要去一次台北，看看繁华的大城市，这么多年过去，我去遍了世界各地，却一直没有勇气去台北，终于，终于，我站在101的顶点，眺望这个在梦里被描绘了无数次的地方，也许这就叫赴约吧,2018-01-29 14:43:31,2
taipei,馬立聯通,nice city,2017-11-29 10:37:18,2
taipei,布衣88,台湾，一个友好、干净和景色宜人的地方，很适合朋友、情侣、家人一起出游；服务很好、每个地方的美食都很可口，推荐吃西餐和日料，其价格适中、味道正宗；出行方面台北尽量体验捷运，让孩子的友好环境中体会一下礼貌出行；此次台湾行给85分，期待下次再去！,2017-09-04 09:49:27,5
taipei,ADITISO,在台北讀建築研究所，知道了許多歷史建築的知識,2017-09-03 13:22:56,1
taipei,中野臭臭花,在台北住过一年,2017-04-12 15:06:04,1
taipei,SIPO_小胖鱼,最喜欢城市。一切都很有情调。,2017-01-27 15:33:13,1
taipei,鳶尾花,台北的小吃夜市不如南部有特色，不过精品店挺多的,2017-01-17 21:28:27,1
taipei,纯洁小白,不完美，但是很有秩序的，让你能安心居住的一座城市,2016-12-08 16:28:35,1
taipei,jude_999,很舒服地城市，拥拥嚷嚷如大陆城市，但是市民礼貌耐心。市容没什么，但是走心，会再来。,2016-12-08 02:53:16,1
taipei,satin4,生活半年的地方,2016-10-09 23:37:24,1
taipei,虾子地盘,台大,2016-09-20 22:18:55,1
taipei,sandrayung,文艺台北，有情怀的地方，市井中一切都是充满小确幸的美好，没有浮躁。,2016-04-25 13:54:26,1
taipei,桃子嘿的囡囡,小、干净、包容、谦逊、温情、自由，这就是我眼中的台北。,2016-04-18 10:40:41,1
taipei,heyyh,非常干净的一座城市，中国传统文化的缩写。,2018-11-15 22:35:01,0
taipei,13802251004,喜欢,2018-10-17 12:20:38,0
taipei,MiNi炜锅锅,很舒服的,2018-10-16 11:53:20,0
taipei,Clokk,吃吃喝喝泡咖啡厅，很悠闲又繁华，安全的地方。,2018-10-13 08:21:52,0
taipei,Adam^?_?^,蒋中正纪念堂 宿西门町旁 买了好多面膜:),2018-10-11 21:58:23,0
taipei,crazytadpole,小巷有日本的感觉,2018-10-10 21:07:58,0
taipei,兔子-luna酱,象山落日时分看101…北投泡温泉…,2018-10-06 08:26:52,0
taipei,Carrie_Y,很国际化的城市 感觉是个中国文化和外国文化很融合的地方 有很多文艺的地方可以走走逛逛 好吃的很多很多 也都不贵 总之很喜欢台北的氛围,2018-09-30 09:21:53,0
taipei,沫沫子,。,2018-09-30 09:13:35,0
taipei,Supermanz,整个城市都是绿色的，芭乐很好吃。,2018-09-30 08:07:56,0
taipei,lii的人生之旅,#ljj2016暑假之旅#★第一站～台北 ，台北给我的印象感觉是挺舒服的一个城市，101大楼虽然没上去但在远处的一个什么公园内拍照真的神契合，玩了三天，真的贼开心，吃了很多超好吃的美食，嘿嘿嘿☞,2018-09-23 08:21:53,0
taipei,海伦旅行,破旧,2018-09-18 17:34:52,0
taipei,生命不息侣行不止,四周环海空气令人心旷神怡，走在台北，才知道这里的地铁?称为捷运，这里的货币面值有1000，这里的小电驴和摩托最多，骑电驴戴头盔载女生的台剧场景终于眼见为实，台北夜市丰富繁多，豪大大鸡排原汁原味...后天的高雄蚵仔煎等你哟,2018-09-11 20:18:43,0
taipei,气球爸爸,挺好嘿嘿,2018-08-29 15:35:06,0
taipei,liyuan101,友好的城市，给人印象很好,2018-08-26 17:48:11,0
taipei,自在随心6688,没有那么繁华，有的地方很破败，101大楼很棒，故宫藏品丰富,2018-08-19 19:24:15,0
taipei,七色黑白,小吃吃不够,2018-08-19 16:11:37,0
taipei,闲不住的凯哥,只能说一般，要景点没景点，要吃的没啥吃的，和大陆的时候景点里的东西几乎一样，酒店整体条件落后，像80年代的大陆，但台湾的整体服务还是非常好的，不建议在台北租车，停车费贵死，去其他城市可以租车环岛转转,2018-08-18 21:39:00,3
taipei,edward13478,火锅,2018-08-12 04:24:07,0
taipei,maoruke1,纯纯粹粹,2018-06-28 10:08:36,0
taipei,simonesun,台湾No.1 city,2019-01-19 20:03:58,0
taipei,小鱼_锅贴,台北人挺热情,2019-01-19 04:59:00,0
taipei,Margaret1234,我第一次吃马卡龙就是在101的一楼。（个人感觉外表和口感不在一个层次）,2019-01-18 23:41:36,0
taipei,南瓜楠,一定要去逛夜市！,2019-01-17 08:43:42,0
taipei,阿季haha,北投温泉不错哦，除了温泉还有一个图书馆可以去看看,2019-01-15 13:50:19,0
taipei,xz516976218,还是15年元旦的时候在101楼边跨年，看到了非常多喜欢的偶像。,2019-01-14 17:34:36,0
taipei,想去流浪的骨头,台湾人说话好听,2019-01-09 13:59:43,0
taipei,locusy,101,2019-01-09 09:08:56,0
taipei,小林宏信,从淡水河而下，经过艋舺和大稻埕，向阳明山而去,2019-01-08 17:52:57,0
taipei,筱筱A,开心,2019-01-08 16:41:25,0
taipei,锦江春色,好吃,2019-01-04 22:25:06,0
taipei,垚想一秋,美好的回忆，遇见了很好的朋友,2019-01-04 08:31:29,0
taipei,GREENGUO,热心宜居的岛城,2019-01-03 14:03:47,0
taipei,牽著小F遊世界,同是講國語所以給人感覺很親切 舒服～也喜歡夜市的小吃?,2019-01-01 18:44:37,0
taipei,kyo_sherry,信义区外的台北破旧的像是停格在了十年前一般，然而抵挡不住，这是一个文人气息好重好重的城市,2018-12-23 16:56:46,0
taipei,就是余子轩,高雄，垦丁,2018-12-19 21:00:33,0
taipei,hanszou001,夜市很不错的内！,2018-12-18 07:04:42,0
taipei,开心果100,会再来的城市,2018-12-11 07:46:46,0
taipei,bonnnnn,"路上好多摩托车；
牛肉面很大份；
生活节奏比较舒服，没有香港那么快。",2018-12-05 13:04:32,0
taipei,凉虾大仙保佑你,住的民宿所在居民区的早餐店很美味,2018-11-23 20:21:58,0
macau,TobinQ,2017年1月，一个人坐船从香港来到澳门，还记到回香港时在飞行艇上吐的稀里哗啦，有位香港小哥非常好心的一直帮我掐手指，旅途中来自陌生人的善意总叫人难忘。                                Macao,2019-01-11 00:03:04,0
macau,nana2019,豪华赌场,2019-01-10 08:28:55,0
macau,想去流浪的骨头,一夜致富 哈哈哈,2019-01-09 13:47:25,0
macau,何元林,旧城保护的很好，整个城市很清洁。人们都很热情，有礼貌。,2019-01-07 21:31:47,0
macau,vera青青,色彩丰富小清新,2019-01-07 18:34:46,0
macau,Trista1000,环境很舒心,2019-01-07 14:09:51,0
macau,火锅侠肉鸡,赌场业很发达,2019-01-07 00:18:14,0
macau,艾维恩的环球记,小小的城市，大大的包容,2019-01-06 09:38:49,0
macau,一醉方休16,来澳门体验了一把赌博（输了很多），住了一晚680的酒店，体验很好，干净温馨，也是从小到大自己掏钱住的最贵的一次。在澳门的大街小道有种历史沉淀的感觉，建筑风格独特，大三巴，玫瑰圣母堂，澳门博物馆都很喜欢，但是澳门地小物价贵，交通不是很方便,2019-01-06 03:35:25,0
macau,铎铎洛,安德鲁蛋挞比玛嘉烈的好吃哦，这次去澳门，时间比较赶，只去了大三巴牌坊和前面的老街，第二天住威尼斯人，坐了小艇。撑船的姐姐唱歌很好听～,2019-01-03 09:25:50,1
macau,嘉多宝86,经常来澳门，逛吃逛吃的城市，一颗平常心会变很开心。,2018-12-31 15:39:23,1
macau,lilyli2018,和妹妹去的，澳门除了赌场貌似也没什么好玩的，我们对这个都没兴趣，全程靠脚从口岸沿路走路歇歇停停逛到大三巴，食物方面我们不怎么喜欢广东口味，所以我们也没找到好吃的，回来买了些肉脯,2018-12-30 15:09:10,0
macau,绝爱82,不赌的人到那里吃吃吃都很满足,2018-12-29 09:13:01,0
macau,jimmy47,2011,2018-12-29 02:34:26,0
macau,holly是个穷光蛋,金碧辉煌,2018-12-28 14:33:47,0
macau,ELH,我是小众游，无意间发现一个，主教山小堂，真的值得去。,2018-12-27 00:29:30,0
macau,Jassssson,葡國文化 休閒生活 賭城 葡撻?,2018-12-25 20:59:38,0
macau,xy18305935963,。,2018-12-23 19:06:38,0
macau,sunnybobby88,感觉比香港舒服，干净，友好，人少,2018-12-22 14:05:47,0
macau,jianjian88,太久远了好像感觉不错,2018-12-22 03:25:49,0
macau,紫药水,几次去香港都没有去澳门，这次公司开会安排在澳门。兴趣不大。太小，觉得憋屈,2019-01-21 23:06:43,0
macau,轶文不乖,除了赌赌赌，我还会些什么？哈哈哈,2019-01-21 21:16:12,0
macau,takesun,没想到澳门还很适合溜娃！,2019-01-21 09:33:30,0
macau,云暮晨曦,普通话程度比香港好太多了，哈哈,2019-01-20 04:15:44,0
macau,别让生活颠覆了我,赌，神奇的世界,2019-01-19 00:10:05,0
macau,张澎湃,美食较多,2019-01-18 23:44:31,0
macau,夏果想回家,蛋挞真的超级好吃,2019-01-18 21:52:32,0
macau,yhdvs006,小赌怡情哈，纯粹玩玩。大家可不要专门去赌哦,2019-01-18 13:01:59,0
macau,刀鱼馄饨,如此,2019-01-17 00:20:37,0
macau,liangzi777,赌都,2019-01-16 17:53:19,0
macau,XDTALX,小清新,2019-01-16 13:46:26,0
macau,无赖龙,小,2019-01-16 00:28:34,0
macau,想飞的毛毛,香港的后花园,2019-01-16 00:14:48,0
macau,胡小妞1991,没有网络，不懂英语真的会走丢的,2019-01-15 20:56:19,0
macau,小智NJ,完美的跨年,2019-01-14 20:34:01,0
macau,scorpiongill,赌场,2019-01-14 13:03:47,0
macau,sybilhan,头疼那天,2019-01-13 01:04:43,0
macau,混世魔王89,破烂,2019-01-12 23:23:01,0
macau,龙少5768,去澳门主要是去参观了蔔京酒店和赌物，印象深刻，人群川流不息，不愧赌城,2019-01-12 13:17:27,0
macau,AmberrrJ,水蟹粥  念念不忘,2019-01-11 19:11:05,0
macau,王学不好,去过几次,2019-02-19 15:02:31,0
macau,小手一挥爱TM谁,赌场，到处的赌场,2019-02-19 14:55:05,0
macau,realpingzi,"蛋挞最好吃
人也非常多
没有去过第二次",2019-02-19 12:34:59,0
macau,梦游的囚犯,吃的不错玩的不错就是路很窄，不能扫码支付,2019-02-16 23:11:45,0
macau,蕏蕏,澳门是一座言论自由的城市，我喜欢她的开放和包容，兼容如此多的文化，丰富多彩。在这里随处可见的法轮功，反共，基督教。你不必讶议也不用沉浸于他们的或虚假或真实新闻，人各有志，旅游是用来享受的，旅游过后，我们各不相干，又何必在乎一些莫须有的东西？,2019-02-16 22:32:59,0
macau,回不去的年少时光,去过大三巴，赌场,2019-02-14 12:22:43,0
macau,94爱民19,钱太少，时间长,2019-02-10 10:45:29,0
macau,雨中旅人,葡萄牙风情和中国广东风情溶化每一个脚印中，是浪漫之城，疯狂之城。,2019-02-09 19:37:19,0
macau,云生南冥,纸醉,2019-02-08 11:46:46,0
macau,Charlane007,一个吃吃吃的胜地…不乏买买买的好地方,2019-02-02 08:46:13,0
macau,王旭旭,感觉还行，适合去溜达。,2019-02-01 16:05:11,0
macau,帅气大猫,赌博,2019-01-30 14:49:39,0
macau,吴清平,吃货,2019-01-28 12:42:02,0
macau,XL木马,忘掉声色犬马的赌场，走入寻常街巷，你会发现一个遗落在远东的欧洲小镇,2019-01-27 13:48:10,0
macau,神秘青蛙,广东读书……那么近，经常去！,2019-01-27 02:23:16,0
macau,黑色关键帧,澳门好小，东西好贵,2019-01-26 14:20:20,0
macau,紫云轩1314,一个伤心的地方，输的家破人亡,2019-01-24 10:32:48,0
macau,vickychenjie,很小～很热闹～,2019-01-23 15:19:29,0
macau,Asuza的旅行碎片,不同于一般印象中赌城的酒醉金迷，走在街头，感觉这座城的节奏缓慢到不可思议~LOVE IT!,2019-01-23 13:42:10,0
macau,清寂沙漠,和许多朋友一起出发，说走就走的旅行,2019-01-21 23:44:55,0
macau,阿斯卡拉亲王,去了N次水舞涧、威尼斯人、葡京赌场、凼仔湾，就是没去看看大三巴牌坊,2019-03-23 21:32:58,0
macau,绢花匠,一个拿钱当数字的地狱天堂,2019-03-22 18:46:30,0
macau,user_GCzn0L1DXG,奢华,2019-03-19 10:51:23,0
macau,飞翔的小鹿,澳门，有历史，有风情，有独特的葡式魅力，相比香港，整个城市节奏慢了很多，来吧，吃下正宗猪扒包，在赌场小试运气，不错的体验！,2019-03-17 11:35:54,0
macau,陈陈yy220,赌博三秒输,2019-03-10 12:07:19,0
macau,lancehua2,想再去,2019-03-09 14:10:39,0
macau,clearpotato,小，卖东西的多，已然落后天朝很多,2019-03-08 13:46:09,0
macau,zxr郑静,大三巴牌坊和巴黎铁塔?,2019-03-06 14:29:13,0
macau,futurehihi,美食,2019-03-04 10:43:54,1
macau,hana0526y,。,2019-03-02 01:09:10,0
macau,CarolMMC,澳门住在美高梅酒店环境不错，去一下威利购物,2019-02-28 21:07:23,0
macau,MiaJi,美食 购物 赌场 蹦极,2019-02-28 17:10:44,0
macau,马冉是只小乌龟,首先是路环，我很喜欢路环的环境，安静的街道，轻柔的海风，还有昏黄的灯光。晚上特别喜欢一个人来这里，享受安静的时光。,2019-02-28 16:53:24,0
macau,雨文非文,葡萄牙式建筑，像一个大点的小镇。拥挤的街道，行人漫步；交通发达，出门遇到熟人，车上就闲聊几句。对比匆忙的香港，人口密集的国内大城市，澳门是我很喜欢的城市。,2019-02-28 09:14:37,0
macau,尼可可可可,葡式城市,2019-02-21 20:59:37,0
macau,请喊郑先生,赌.,2019-02-20 23:54:39,0
macau,C妞牙牙,嗯奢靡豪华……,2019-02-20 14:10:18,0
macau,不慎重修改,氹仔岛实在是浮生若梦之处，特别是到了晚上。,2019-02-20 00:51:23,0
macau,小钢板,刺激，7胜0负,2019-02-19 23:48:03,0
macau,woshiniyeye,黄赌,2019-02-19 22:26:33,0
hong-kong,Cici7號,转机的时候中途短暂逛了一下香港，对粤语的无比亲切以及大学几年每天都听香港电台广播，第一次来居然有回家的熟悉感。香港很拥挤，但并不影响它的美丽。,2019-03-09 00:04:42,0
hong-kong,tatiana1101,以后还想去的地方,2019-03-07 11:28:21,0
hong-kong,Kris8,法国皇室殿堂级甜品店Dalloyau朝圣之旅！Opera蛋糕的始祖，果然名不虚传，各种攻略心得都在图中啦！法国空运过来的食材，巧克力更是每天从法国制作好以后，保鲜空运过来的，去香港的宝贝们不要错过哟！,2019-03-07 02:17:37,0
hong-kong,zxr郑静,维多利亚港！金紫荆！,2019-03-06 14:32:33,0
hong-kong,mingzhu1921,不是我想象中的样子比较老旧，还不如深圳。如果买奢侈品可以去 ，有免税店比内地便宜。,2019-03-05 12:02:19,0
hong-kong,洪坤泽,·,2019-03-04 21:28:05,0
hong-kong,futurehihi,不错,2019-03-04 10:43:33,0
hong-kong,巴黎小姐的儿子叫Ben,很拥挤，有点脏,2019-03-03 21:45:07,0
hong-kong,CarolMMC,HK快节奏的生活，很适合我，我喜欢去海港城和铜罗湾,2019-02-28 21:04:23,0
hong-kong,MiaJi,拥挤 美味 夜景,2019-02-28 17:10:19,0
hong-kong,琥珀木屋airbnb,楼太多 人特多，吃的不错，,2019-02-28 08:07:15,0
hong-kong,黄振辉啊,人好多,2019-02-26 22:47:28,0
hong-kong,柔韧的汉娜,实用,2019-02-26 21:12:24,0
hong-kong,Amos-P,走马观花,2019-02-25 21:50:48,0
hong-kong,沙茶面吃完了,城乡结合部一样的破旧拥挤，食物要么齁甜要么齁咸。,2019-02-25 01:52:28,0
hong-kong,savage红茶,很好,2019-02-24 20:51:17,0
hong-kong,蘑菇粥,一血！,2019-02-23 09:34:25,0
hong-kong,無解解,去了四次遇到了三次台风，也算是经历，美食很赞，冷气很足，夜景很美,2019-02-22 20:20:01,0
hong-kong,邻家花美男,非常美丽的夜景,2019-02-22 18:52:09,0
hong-kong,BellaGao1019,2012,2019-02-20 17:19:55,0
hong-kong,qindyan,多元化,2019-03-26 19:57:22,0
hong-kong,Taitinkei,麻雀虽小 五脏俱全,2019-03-24 20:00:56,0
hong-kong,任性的老娘,亲切！,2019-03-24 08:53:57,0
hong-kong,Poppy汶,?,2019-03-23 10:13:13,0
hong-kong,沐幕04,小而忙碌，摩登城市,2019-03-23 10:02:43,0
hong-kong,都柏林红领巾,感觉一般，没有国际大都市的现代化。像5060年代。,2019-03-23 01:06:05,0
hong-kong,Ching乐哥,奢华 市井,2019-03-22 10:55:13,0
hong-kong,desert5,拥挤不堪，排挤大陆人,2019-03-21 22:48:17,0
hong-kong,漫游世界的大虾,可能是从小看港片的原因，从小对于香港就有莫名的好感，上次去遇到的人都很好，街道风景都是印象中的模样，一切都很熟悉的感觉,2019-03-20 23:45:47,0
hong-kong,michelle139,都说香港是购物天堂，大街小巷各种商场品牌，节奏很快的城市，每天都要走很多步，打卡了几个网红景点还不错，迪士尼乐园也很好玩，酒店建议找荃湾区的性价比更高一些,2019-03-20 22:16:26,0
hong-kong,EthanShaw,香港，一座人与建筑美好共存的城市。,2019-03-20 00:11:26,0
hong-kong,JKLON,一个人，第一次离开熟悉的国度，既陌生又好奇，热情友好,2019-03-19 04:57:02,0
hong-kong,飞翔的小鹿,对香港的感觉，繁华，现代，美食众多，物价偏高，住宿价格人尽皆知，寸土寸金，不过很喜欢在香港闲逛，淘宝些小东西，不得不说香港的东西品质真心比内地好不知多少，在香港和自己来一段美丽的邂逅吧！,2019-03-17 11:34:05,0
hong-kong,user_9ZN40L10sE,都市,2019-03-17 09:09:38,0
hong-kong,小小钢蛋,太快,2019-03-15 00:45:18,0
hong-kong,TovyWu,目前旅游到过次数最多的地方，没有之一,2019-03-14 10:20:27,0
hong-kong,pivoinezou,是一个人又多房价又贵的地方,2019-03-11 04:15:01,0
hong-kong,jesse_ma,美,2019-03-10 14:47:34,0
hong-kong,陈陈yy220,购物,2019-03-10 12:06:57,0
hong-kong,user_trhl0KS4at,这里的食物不错，尤其要去迪斯尼。但是迪斯尼玩完就没什么东西了，就都是购物什么的。,2019-03-10 07:08:47,0
hong-kong,user_1Sji0LxSpy,大都市,2019-04-16 01:04:09,0
hong-kong,yaya0422,美食,2019-04-15 15:34:02,0
hong-kong,小萌只有嘟嘟肉,人多且乱,2019-04-12 09:47:43,0
hong-kong,AuroraWalker,节奏快,2019-04-12 08:44:00,0
hong-kong,枫叶23,繁华,2019-04-10 18:55:07,0
hong-kong,水市艹鱼儿,港风,2019-04-09 16:35:36,0
hong-kong,煤堆里的黑猫24,✈️,2019-04-09 14:20:45,0
hong-kong,伊緲山河,繁华大道，心动了购购物，饿了品尝下美食，这是一个散心的好地方。,2019-04-09 00:31:55,0
hong-kong,Timsyble,节奏快,2019-04-07 15:21:08,0
hong-kong,76ers,壮观,2019-04-07 12:20:32,0
hong-kong,Yvonne999,目前已去过三次，每次都会去品尝美食。,2019-04-06 19:56:19,0
hong-kong,user_giMW0LjhZe,喜欢❤️,2019-04-03 09:35:09,0
hong-kong,XiaoNs_Enc,美好,2019-04-02 22:43:37,0
hong-kong,莪叫尪雯,生日快乐，我对自己说,2019-04-02 07:03:01,0
hong-kong,扭腰一枝花,My love！,2019-03-31 23:07:44,0
hong-kong,Yo懒懒,香港最吸引我的地方，不是中环鳞次栉比的高层，不是油尖旺熙熙攘攘的人群，也不是数不尽的小吃。到这里之前，从没想到香港竟是这样一个与山和海相依存的城市，花一点时间去晒晒太阳，踩踩海滩，别让城市的烟火氣掩盖了外围美好的自然。,2019-03-30 19:57:39,0
hong-kong,cateberry,海洋公园,2019-03-29 16:14:38,0
hong-kong,国伦,很多美好,2019-03-29 12:26:11,0
hong-kong,蓝布格子,浓缩精华,2019-03-29 00:02:25,0
hong-kong,云锦天章,快节奏。,2019-03-27 14:11:59,0
hong-kong,Moroccotravel,http://privatesaharatrips.com/morocco-private-tours/,2019-08-31 11:49:28,0
hong-kong,kikinight,感觉挺拥挤 没特别感觉 为什么很多喜欢去买东西 也不见得便宜啊,2019-08-09 13:32:31,0
hong-kong,自由行2019,城市挺好，适合购物，商场特别多。特别是维多利亚港的夜景，非常漂亮。太平山也一定要去。可以看到整个香港。,2019-08-03 23:36:48,0
hong-kong,看云卷云舒你,多元文化在这里表现的特别明显 有点流连忘返,2019-07-20 17:16:03,0
hong-kong,fifihost,很挤很多人很潮很热，最近政局不稳，港灿横行，建议还是不要去。,2019-07-15 14:48:05,1
hong-kong,Dannnnnny,令人惊喜的城市,2019-07-15 07:52:53,0
hong-kong,SharonGu,小而忙碌的城市,2019-07-08 11:31:23,0
hong-kong,macasite,我的乘飞机之旅第一站,2019-07-04 18:39:23,0
hong-kong,user_Hi1m0L4gSa,购物圣地，港风摄影,2019-06-28 08:23:31,0
hong-kong,十分猪,穷人的地狱，富人的天堂,2019-06-25 22:13:57,0
hong-kong,小野游世界,"去过很多次，除了购物没有啥特别感觉。一直没找到好吃的店，摩天轮春节时候和家里人去还不错。性价比蛮高。不过规模也不大。
另外去几次都感觉对大陆人比较歧视，态度不是很好。反而说英文后者粤语会好一些",2019-06-03 21:59:46,0
hong-kong,Jo_W,有那么几年每年都要来一次的地方。很多人爱翠花，我喜欢太平馆、生记。很久没去了，要为了在镛记堂吃去一次，每次饭点都没有位子，我又没有耐心.....哎~~,2019-05-24 16:25:46,0
hong-kong,mcdanie,2018圣诞,2019-05-23 10:32:37,0
hong-kong,Dogdoge,高昂的住宿，很同情香港的土地问题，何尝不是未来的缩影？,2019-05-06 13:57:02,0
hong-kong,seventeencai,四天五晚香港本土深度暴走，用脚步丈量了这个城市，第一次亲身体验了想象中的香港，那些留存在儿时看TVB的场景真实的涌现在眼前，听着茶餐厅人们的闲聊，动听又熟悉的粤语就在耳畔，就想美妙的音乐一般，想要多听一会儿！,2019-05-06 11:45:03,0
hong-kong,sanciaaaaa,❤️,2019-05-04 16:04:34,0
hong-kong,Matthewow,拥挤的，快节奏的大都会，充满魅力也充满斥力。,2019-05-02 18:23:28,0
hong-kong,酥小猫,有秩序，紧张，买买买的转机地。,2019-04-20 14:08:22,0
hong-kong,ShilynnKoo,港剧的味道,2019-04-19 09:44:28,0
hong-kong,Sissi公主爱妈妈,迪斯尼比较小,2019-04-16 19:43:37,0
wuhan,路兮,武汉有两条著名的河，一是长江，二是汉江。汉江在此汇入长江。武汉三镇：武昌、汉阳、汉口。长江左岸是汉阳和汉口。汉江为界，汉江左岸是汉口，汉江右岸是汉阳。,2024-09-18 20:37:24,0
wuhan,Wuhanean,很美丽的城市，在一个城市里你可以轻松获取到关于农业、轻重工业、商业、历史、自然、人文、科技等方面的景观，著名景点有黄鹤楼、东湖绿道、花博汇、昙华林、江汉路、光谷步行街、汉街、汉正街、古琴台、城墙城门、大江大河、木兰景区、游船等等景色。,2023-07-05 14:32:14,0
wuhan,meganhoo,奔赴爱人~,2022-05-10 15:36:17,0
wuhan,环球文旅看点,从小生活的城市，一晃20年，现在的武汉建设的真好，武汉三镇各有特色，交通便利，互通八达；生活配套，应有尽有；赏花踏青，游山玩水；逍遥自在尽在大武汉！,2021-03-25 13:20:03,0
wuhan,Konzept,武汉是国家历史文化名城，楚文化的重要发祥地，境内盘龙城遗址有3500年历史。春秋战国以来，武汉一直是中国南方的军事和商业重镇，明清时期成为“楚中第一繁盛处”、天下四聚之一。,2021-03-09 06:06:14,0
wuhan,wsy琉,挺好,2020-12-12 16:10:10,0
wuhan,momoogata,大学和同学去武汉领奖~顺道旅游~,2020-10-11 14:29:55,0
wuhan,lamianzai,7年学生生涯，最爱吃的！,2020-01-07 08:25:30,0
wuhan,seek_fan,热干面的故乡，周黑鸭的老家。,2019-10-08 13:50:01,0
wuhan,user_2mOi0O7Jg3,热干面 施工 施工,2019-08-09 05:39:34,0
wuhan,桃子喵酱酱,暴雨 龙虾 撸串 闷热,2019-08-02 10:45:05,0
dalian,fatfoxz,还好吧,2023-05-22 19:27:12,0
dalian,是一个昵称啊,滨海栈道真的是放松减压的最佳选择！,2021-02-25 15:13:52,0
dalian,wsy琉,很好,2020-12-12 16:12:20,0
dalian,漂鸟wandervoge,北方城市中，难得一个像南方一样蓝得澄澈的城市。,2020-05-19 16:27:43,0
dalian,seek_fan,鲅鱼饺子真的不错。,2019-10-08 13:50:23,0
kenting,onthewayleo,来潜水,2019-07-08 16:13:21,0
kenting,阿类freewave,海边很近，夜市蛮好吃。来垦丁度过一段闲散舒适的时光,2019-06-16 14:07:34,0
kenting,Sissi公主爱妈妈,可以去看鲸鱼,2019-04-16 19:45:04,0
kenting,薇珀,环岛行中最爱的地方！,2019-04-07 22:39:56,0
kenting,futurehihi,海边,2019-03-04 10:45:05,0
kenting,小手一挥爱TM谁,海美，景美,2019-02-19 14:56:23,0
kenting,漠漠先生,这一生如果一定要去一次海边，就去垦丁吧。好像偶像剧一样的日子，跟喜欢的人骑着机车沿着海岸线一直前行，累了就停下来吹一吹太平洋的风，所有人间的忧愁与欢喜仿佛全体消失，太美好了。也不用怕太文艺，因为晚上也可以在夜市逛吃逛吃，沾染人间烟火～,2019-02-14 15:17:32,0
kenting,伊然想流浪,去的时候刚好下雨……,2019-02-11 23:25:12,0
kenting,XL木马,踩着机车飞驰在台湾最南端的海岸线,2019-01-27 13:48:54,0
kenting,想去流浪的骨头,第一次潜水,2019-01-09 14:00:03,1
kenting,locusy,最南端,2019-01-09 09:09:15,0
kenting,小林宏信,中国最美的海边国家公园,2019-01-08 18:01:22,0
kenting,筱筱A,机车,2019-01-08 16:41:46,0
kenting,就是余子轩,海边～路过哈哈哈,2018-12-19 21:03:45,0
kenting,liyanweidonghu,初到垦丁，下雨，空气很好，但是海况就沒那么好，雾蒙蒙得！总体来说确实不错，很喜欢周边民宿！！,2018-12-15 12:18:01,0
kenting,凉虾大仙保佑你,台风中抵达，台风过后离开。,2018-11-23 20:19:33,4
kenting,celiamxmmm,海景 海上运动多 夜市过于商业化,2018-11-08 12:42:38,0
kenting,k君不想动,我是从高雄骑行到的垦丁，第二天从垦丁骑到尚武。真的冬天太平洋的风超级大，但是也是特别舒服美丽。推荐大家在垦丁玩耍的时候，找个空旷的地方放着胡德夫的《太平洋的风》，真的编辑惬意。,2018-10-26 01:41:27,0
kenting,下关精度作者,"垦丁到最南端坐巴士很快。在垦丁不需要驾照，电动车是出游的好选择， 600-800元新台币·天。遗憾的是当时三个人一起，所以放弃了租电瓶车。 一车最多两人使用。 
好在恒春镇闲逛发现了特别美的海滩。快看，远处的那栋别墅是海角七号的拍摄地。",2018-10-24 14:05:36,0
kenting,Adam^?_?^,垦丁太蓝了 艳丽的蓝 太晒啦哈哈哈 我们坐了香蕉船 海上摩托。垦丁夜市很小也没有台中好吃 有个黑黑的不会说普通话的卖衣服女人很不友好！,2018-10-11 22:00:10,0
los-angeles,柯显昱,2017年,2020-04-02 19:07:25,0
los-angeles,咦我们见过吗,《LA流浪记》,2020-03-18 13:59:38,0
los-angeles,大号小兔子,好莱坞,2020-02-14 18:38:18,0
los-angeles,ykiss_ice,一座西部城市。破烂不堪哈哈哈哈哈。到处是黄土，小平房和垃圾。与想象中的大城市完全不同。就连机场巴士都是破破烂烂，连空调都没有。刷新了我对美国的认知。,2020-01-20 15:39:42,1
los-angeles,波塞咚咚,好莱坞，值得逛一逛,2019-12-03 10:12:37,0
los-angeles,飛小静,此刻，发呆。。。这个城市虽然第一次来，却没有陌生感,2019-10-20 08:18:45,0
los-angeles,monokrome,16年的时候度过了生日以及认识了很多朋友！！！（venice beach 太绝了！可惜没去汽车博物馆还有six flags,2019-10-08 01:45:29,0
los-angeles,好多打酱油,市中心很破旧，很多流浪汉。,2019-09-11 04:56:02,0
los-angeles,吃饭啊,不知为何对LA印象莫名的查，可能是因为在星光大道看到流浪汉在密集的人群里当街小标，可能是被一个胡搅蛮缠的小黑要了5刀，可能是清晨六点下了火车，坐上LA当地公交车后上来了一个面色苍白冻的发抖跟司机说实在对不起我没有钱我能坐车吗 的白人年前姑娘,2019-06-17 11:31:31,0
los-angeles,阿迪啊你好,美食之都,2019-06-12 00:54:59,0
los-angeles,Jo_W,从匹兹堡经停芝加哥再到LA，整整一天啊……没有匹兹堡好,2019-05-22 06:45:15,0
los-angeles,user_3JRE0M92Ik,洛杉矶阳光很舒服,2019-05-12 01:56:37,0
los-angeles,栗子XD,city of stars,2019-05-03 21:26:38,0
los-angeles,rose20080205,空气不好,2019-05-03 15:25:33,0
los-angeles,183的海岸线,必须要自驾游的城市,2019-04-15 03:53:28,0
los-angeles,thecruise,阳光之城，天使之城,2019-04-14 23:28:18,0
los-angeles,小羊-肖恩,1号公路真心不错，还有拉斯维加斯让我流连忘返,2019-04-12 05:41:16,0
los-angeles,小野草莓,美,2019-04-07 17:40:26,0
los-angeles,Noxom,1,2019-04-04 16:12:39,0
los-angeles,Solo-凯,环球影城巨好玩，UFO第一次看到 虽然说是三叉戟导弹,2019-04-04 00:34:25,0
new-york,marmoset,世界中心,2025-10-21 18:53:51,0
new-york,pzhtt,多少次在电影电视剧里看过这里，但其实现实跟想象还是有差距。曼哈顿城没有想象的高楼林立，即便是在中城，夜晚出行也能看到不少流浪汉，在这样一个中心城市里，居然有出租车建议不要去的区域，例如曼哈顿的Harlem，这在国内的中心城市是不可想象的。,2020-03-30 14:21:54,0
new-york,晴川阁,在这里可以看到世界各种民族的人，可以听到全球各地的方言。拉瓜迪亚机场、地铁，都很陈旧，但是实用。,2019-09-08 00:57:06,0
new-york,纠结ing123,大熔炉,2019-09-02 02:09:18,0
new-york,Jinnnnng9,生活了六年的城市。New Yorker天天吐槽城里脏乱差，离开了却无比想念这么鲜活的城市，永远能想到有趣的事去做。,2019-08-15 23:51:37,0
new-york,Fisheast,这个让我成长的城市，对其又复杂的情感,2019-07-19 21:47:56,0
new-york,吃饭啊,鲁克林边早餐店很好吃，据我前女友说当天早晨街区有枪击案，那么响的枪声也没妨碍你睡的像头猪。在downtown见识了800万刀的钻戒，服务员竟然还问我要不要试戴。圣诞节的纽约人很多，圣诞树很美，没有你美。,2019-06-17 11:36:41,1
new-york,LionkissDeer,"每天生活在曼哈顿的灯火和人潮里 我的梦想之城 
天天在这里struggle，但我爱这个城市。",2019-05-23 21:19:27,0
new-york,金曦抚顺,一生忘不了的记忆,2019-05-17 03:32:47,0
new-york,栗子XD,好喜欢纽约 会再去的,2019-05-03 21:27:11,1
new-york,user_1Sji0LxSpy,Super moden,2019-04-16 01:03:00,0
new-york,郁闷的月半子,脏,2019-04-10 13:52:16,0
new-york,Solo-凯,很热情好玩的地方,2019-04-04 00:35:06,0
new-york,贾思敏哟,很繁忙，很堵，有点脏,2019-03-29 21:29:51,0
new-york,姚破破,?,2019-03-24 21:29:46,0
new-york,阿斯卡拉亲王,为了去肯尼迪艺术中心谈工作，没能目睹自由女神像，小小的遗憾留给下次！,2019-03-23 21:17:29,0
new-york,啊户啊呜,很喜欢～期待下次再去,2019-03-19 10:43:37,0
new-york,里斯女士,除了打折村别的地方没去…下次着吧……,2019-03-09 23:46:23,0
new-york,小翼子,时尚之都,2019-03-04 21:14:09,0
new-york,futurehihi,暴走,2019-03-04 10:47:21,0
taipei,小石榴花biu,很喜欢的地方,2016-04-15 00:46:58,1
taipei,anthonybai,一座很包容的城市，很温婉的感觉。,2016-02-26 21:33:45,2
taipei,futuu,台北是一座谦逊温和的城市，时而亲切，时而随性，不经意间，还会略带张扬,2015-12-21 17:45:05,1
taipei,RabbitSlayer,公共交通方便，语言通买手机卡问路都方便，总之超级方便的地方。,2015-10-26 13:18:43,1
taipei,淡茉莉,和大陸相比，這裡是個很小的大城市,2015-10-25 18:53:57,1
taipei,maychen745,台北就是台北，把台湾别的地方甩的老远~作为没有车车的一名游客，逛台北太方便了，这点实在是别的城市比不了的，好像没机车都出不了门似的。吃东西很方便，百货公司满街都是，还比大陆便宜很多，女人会爱上这里的,2015-10-23 15:55:31,2
taipei,yxxy也许需要,711当真是神器！有了小7在台湾不愁会饿死（对比之下欧洲的711就真的是弱爆了）台北的生活节奏跟上海差不多，比上海好的一点就是台北捷运运行到晚上12点（不知道为什么上海地铁有些线路结束得这么早）总之，生活在台北还是很滋润的一件事情。,2015-10-13 23:05:52,1
taipei,Aurora的小宇宙,亲切便利舒适,2015-09-06 15:29:20,1
taipei,thqby,轻松的地方，正确的人,2015-08-25 05:25:28,1
taipei,莫妮monii,台北好地方，一定要好好玩玩，夜市、美食、美景一次享受！,2015-03-21 17:58:27,1
taipei,cheeeer,在台北待了十天，还有太多遗憾。剑南山夜景，竹村居酒屋，内湖的玫瑰，北投的温泉和图书馆，建国假日花市，女巫店的演出，圆山大饭店的自助，诚品的凌晨三点……不过也不着急。还会再来，还想去一些地方多停留一下，找人聊聊天，写一本故事。,2015-03-16 18:45:15,0
taipei,圣托里尼的小歪,去台北，体验一下夜生活很有必要,2015-01-29 15:10:36,0
taipei,sshun22,台北交通十分便利，吃喝玩乐样样都有，不过消费略高于其它地区，有很多文创园区既好玩又创意无限，很适合自由行的城市！,2014-11-17 15:59:08,0
taipei,JDB不是加多宝,在台北生活节奏不要那么急，慢慢来，体会普通台湾市民的生活。,2014-10-01 00:36:09,0
taipei,nnhwbj,去了还想再去的地方,2014-09-01 14:03:20,0
taipei,张又又又青,哈哈 台北很多好吃的,2014-08-18 16:22:50,1
taipei,xx1997,自由行很赞,2014-08-18 16:07:07,1
taipei,VeraXu68,很棒的城市！,2014-08-01 11:10:50,1
taipei,小河venus,"自由行到了台北第一件事是买一张悠游卡,100台币的押金,离开的时候任何一个捷运站都可以退,此卡功能强大,公车,捷运,所有的便利店消费.",2014-06-01 14:38:10,8
taipei,水藍老人,歡迎大家來台北玩!!!,2014-04-14 23:42:43,1
kenting,alexchen731,垦丁大街太赞了，晚上特别热闹，非常休闲放松，好地方,2013-08-14 17:53:24,0
kenting,singleflower,在夏都沙滩看满天繁星、听海浪的安静赶脚,2013-08-13 17:28:54,0
kenting,睡在云端的大猫,是上帝遗落在人间的明珠，宛若天外之地。再也忘不了那蓝天，当车子转过一个拐角，我偶抬头朝窗外望去，瞬间石化，那是蓝到不能再蓝的纯净的天和海啊。,2013-08-03 14:58:35,3
kenting,monolith,我是暴风雨要来之前去的，那种大浪大风的感觉，真的还蛮恐怖的。,2013-07-31 08:50:42,0
kenting,拍萝拍萝,海边小镇，有各种风格的民宿，好像童话世界。这里真的非常适合悠哉度假，拖着拖鞋四处溜达，晚上就去大街吧，夜市吃到撑，水果超便宜超好吃！强烈推荐，下次再去就直奔垦丁去了。我在垦丁天气晴，只有去过的人才明白。,2013-07-25 15:01:41,2
kenting,嗨嗨小姐,阳光大海，太平洋的海蓝的让人心醉,2013-07-17 10:05:55,0
kenting,台湾垦丁潜水,海底仙境,2013-07-13 23:14:18,1
kenting,迷死张怡然酱,过境之南，台湾最美,2013-07-10 19:25:35,0
kenting,wasabibee,晚上能看动物 可以在海边看太平洋 垦丁大街好多美食 民宿都很漂亮,2013-07-07 17:34:46,1
kenting,丫丫我念,最爱这里的海！,2013-07-06 22:25:11,0
kenting,月亮驻扎在西北,蓝天大海，非常文艺与浪漫的一个地方，和海南很像又很不像~,2013-06-27 21:14:58,0
kenting,怪兽MM,和当地人一起玩就能强烈感觉到他们的环境保护意识以及为什么垦丁有日本的味道,2013-06-22 18:03:23,0
kenting,2011资深小白,风景不错,2013-06-20 09:20:00,0
kenting,ddstary,在垦丁一定要玩水上活动。就穿着背心、沙滩裤和人字拖走在垦丁大街上吧，把皮肤晒成小麦色，摇身一变当地人！,2013-06-18 00:32:50,0
kenting,达不溜王,湛蓝！海风吹得爽爽的！,2013-06-11 15:51:34,0
kenting,misiajinyi,垦丁，天气晴朗。,2013-05-27 09:51:04,0
kenting,reinheit,恩，海水比国内的大部分海滩都漂亮多了,2013-05-24 01:36:25,0
kenting,隋然,我在垦丁，天气晴。,2013-05-17 17:38:39,0
kenting,行走的肉丸子,东方夏威夷！,2013-05-16 20:24:39,0
kenting,指尖芭蕾,喜欢垦丁，喜欢南部人的热情,2013-05-10 15:55:30,0
kenting,Francesmo,美丽的海边，看着太平洋太爽,2013-10-08 22:59:17,0
kenting,HaoningC,Relax and peacefull,2013-10-07 15:43:13,0
kenting,archhale,休闲度假很不错的选择。,2013-10-04 15:18:58,0
kenting,南浠浠,太喜欢这里的海啦！,2013-10-04 11:38:13,0
kenting,冬月二十,算不上个小镇..房屋什么的都很老旧..海边很美..可惜一直下雨..希望能再去一次..,2013-10-04 01:59:54,0
kenting,呵呵6154,垦丁很美,2013-10-01 22:18:08,0
kenting,Elbereth,蓝天下白色的灯塔美瞎了我的双眼，就好像明信片,2013-09-20 22:40:19,0
kenting,赫赫223,虽然到垦丁的路途有点漫长，可是到达之后，你就会发觉之前所花的时间真的是太值得了,2013-09-20 16:00:16,0
kenting,5diopium,我爱垦丁！！我爱骑着机车在垦丁横冲直撞！！！我爱垦丁的太平洋！！！我爱垦丁的景色 我爱垦丁大街的夜市 我不爱垦丁说来就来的急雨,2013-09-17 18:36:39,0
kenting,自由摄影师Liox,臺灣行唯一的亮點，的確值得去一次。,2013-09-17 10:47:13,1
kenting,挪威日落,国境之南的爱情故事,2013-09-16 16:23:31,0
kenting,septitchy,浮潜实在是很新奇的体验！垦丁大街好吃又好逛，迎着夕阳吹着海风骑着小电瓶车，最美是垦丁,2013-09-14 14:37:55,1
kenting,卓颖小廖,海边民宿各个如童话小屋,2013-09-14 13:29:28,1
kenting,apriltaotao,这里是海，真正的国境之南,2013-09-10 00:11:01,0
kenting,wzw1120,垦丁绝对是台湾最值得游玩的地方了，特别有热带风情，可惜我是跟团，只待了半天而已，下次一定自由行！,2013-09-09 20:30:24,1
kenting,圈圈要去台湾,美,2013-09-08 10:20:12,0
kenting,笑嫣,太美了！真的不舍的离开这里！,2013-09-01 21:46:12,0
kenting,菜鸟厨神,亚洲最壮阔的海。。。,2013-08-26 09:01:49,0
kenting,sosliao,一定要租机车，或者电动脚踏车！！沿着海边一路开过去！老实说海滩和海水真的很一般啦，但是就是热闹的好玩～～,2013-08-23 15:02:44,1
kenting,xixi10,是在台湾最喜欢的地方。三个晚上在垦丁夜市逛吃逛吃  繁华热闹  但是挨着海边也安静 喜欢买大个儿绿色椰子喝甜甜的椰汁 也喜欢大街上的月亮虾饼和大肠包小肠 穿着背心和短裤坐在街边儿吃关东煮 逛小店淘东西 垦丁的海边和沙滩好美 每晚都甜甜的睡着 爱这里,2013-08-16 17:43:39,1
kenting,ShadowK,适合度假，除了有美丽的海岸线，还有满街的小吃，热闹的人群，和于漆黑中耀眼的繁星,2014-02-23 14:54:01,0
kenting,僷ye,不要低估垦丁太阳的狠辣程度，一定要注意防晒啊~~如果体力可以，强烈建议骑自行车前往最南端哦~~,2014-02-07 16:01:00,0
kenting,Jimmy_666,这个地方是全台湾唯一一处让我去了还想再去的地方,2013-12-24 11:20:46,0
kenting,卡莉看世界,很喜欢！很年轻很活力的小镇,2013-12-22 22:03:27,0
kenting,jgyyz,四季如春的垦丁，好地方！阳光沙滩美食各种赞！！,2013-12-20 16:53:19,0
kenting,cttguixian,岩石奇特,2013-12-16 09:50:40,0
kenting,音Yin,海边的城市，温暖潮湿，有海风有电动车，有美味的小吃。垦丁有很便宜且舒服的住宿，整个巷子里都是好吃的！,2013-12-01 23:29:29,0
kenting,lydia1224,比较符合小文艺小清新做派的台湾最南之地。,2013-11-29 09:53:50,0
kenting,yu_xin一起旅行,肯定大街太闹了，不喜欢。鹅銮鼻国家公园的沿海步道值得走走。,2013-11-25 16:49:46,0
kenting,王小宅Joy,人们出奇的热情,2013-11-23 19:59:09,0
kenting,衣袂轻扬,海很漂亮，人不那么热情，商业气息太浓了。,2013-11-22 11:44:24,0
kenting,diudiu莹,下次再去垦丁，我要多待几天。,2013-11-15 10:32:42,0
kenting,古SIR2012,台风搅局，让我们根本没有办法靠近大海，可惜了。希望下次有机会了。,2013-11-04 16:56:16,0
kenting,007橘子007,正在计划，台湾我来了。,2013-11-01 11:37:13,0
kenting,blueonly,人多，天气晴,2013-10-30 12:22:40,0
kenting,carriezhou74,鹅銮鼻公园，风吹着草地和树林，海浪拍打着礁石，路过亲吻石，登上沧浪亭看着夕阳西斜，倦鸟归来，岁月静好，惟愿现世安稳。,2013-10-26 10:44:00,0
kenting,gc_cgl,天蓝蓝，海蓝蓝，满街都是穿着热裤和比坚尼的沙滩酷哥美女，就是太过商业化了，垦丁大街的住宿和餐饮消费水平，不低于台北啊！,2013-10-21 16:12:36,0
kenting,非鸟的泪,现在的垦丁已经成为了台湾的三亚，避开周末也许还能找到一丝宁静,2013-10-19 15:02:10,0
kenting,宇宙星,基本上算個旅遊小鎮，景點的分佈比想像中大，龍坑的驚濤拍岸令人印象深刻,2013-10-17 09:01:56,0
kenting,妞妞1120,台湾最美的地方,2013-10-11 21:07:41,0
kenting,lelesama,晴空骑机车不错,2018-10-03 22:04:38,0
kenting,沫沫子,。,2018-09-30 09:13:55,0
kenting,Supermanz,见过最蓝的海。,2018-09-30 08:08:39,0
kenting,lii的人生之旅,#ljj2016暑假之旅#★第二站～垦丁，要说来台湾最喜欢的city，非垦丁莫属，在垦丁有吃有喝有玩有乐有逛，真的非常喜欢垦丁了^O^海边、沙滩、BBQ、灯塔、青蛙爆蛋、香蕉船、杰伦哥小时候常吃的扁肉店，真的happy多多☞,2018-09-23 08:29:35,0
kenting,MsRing,下雨天环岛游，骑电动车，电频超级耐用的,2018-08-15 13:46:54,0
kenting,沐峭,Beautiful city and beautiful coast.,2018-08-13 09:04:16,0
kenting,edward13478,卤味和恒春,2018-08-12 04:24:34,0
kenting,殇璃穆,能到这样一个素雅的海边小镇玩，感觉很棒。,2018-07-21 14:56:21,0
kenting,蓝芷,"给我的感觉就是热热热，很人性化的一点就是：我们报名了一个一日游的旅游团，提出天气太热，想要分成两个半天参团，居然是可以的。
在垦丁的日子每天清早出去逛街，太阳出来就回民宿吹空调，傍晚去恒春吃夜市小吃，日子实在是太舒服了。",2018-05-14 18:24:11,2
kenting,杨咩咩是吃货呀,去的时候正在暑假 是雨季 结果没想到雨追随着我们到了垦丁 永远也忘不掉骑着摩托车在瓢泼大雨中奔驰（然鹅还不到20迈）的景象……脚一沾地 鞋子里立马就被雨灌得满满的 等走的时候也放晴了…………,2018-05-10 16:30:48,5
kenting,IAmChrisTang,“放弃一个喜欢的人是什么感觉？”“我不删你好友，不拖你进黑名单，不取消关注，也不删你电话。我要做的就是，不愠不火，不冷不热，不悲不喜。我就是要你看着我的一切我所有的动态，都与你无关却又在你身边不吵不闹阴魂不散。”——垦丁的海那么蓝，我却哭了,2018-01-29 14:41:37,2
kenting,鳶尾花,垦丁的天气不错，垦丁大街夜市好热闹,2017-01-17 21:25:55,0
kenting,银发魔男,台湾的三亚，度假胜地。骑着机车在垦丁的海边漫无目的的闲逛是最好的享受。,2016-06-18 20:46:45,0
kenting,anthonybai,我在垦丁天气晴。,2016-02-26 21:35:25,1
kenting,Sandy-Zhu,宝岛台湾的最南度假地~这里的海真的很美哦！交通不太便利，从台北下来要先做高铁再做大巴或者出租车~这里一年四季都有大太阳，想悠闲的在这里玩，租一辆电动车（有驾照可租机车），去吃便宜的海鲜吧~,2015-03-02 10:19:34,0
kenting,圣托里尼的小歪,垦丁，年轻人的天堂,2015-01-29 15:12:54,0
kenting,xx1997,去台湾必去垦丁，去垦丁看海,2014-08-18 16:08:04,0
kenting,PD喵喵喵喵酱,晚上街上到处都是吃的，完全停不下来……………………,2014-04-23 17:29:14,0
kenting,垦丁之旅小伍,已在墾丁生活11年,2014-04-10 00:06:48,0
kenting,小猛游世界,再去台湾首选垦丁，海边风情小镇,2014-02-27 14:02:16,0
new-york,Aurain,大都市很繁华，乡村里看不见人,2018-02-04 05:36:04,0
new-york,想要环游世界的鹿小可,如果你喜欢城市，一定要去看看。 爱那里的每一个点点滴滴。,2018-01-24 09:30:45,0
new-york,Firmamento,住了好几年的城市，已经在这里有归属感了吧。,2018-01-16 16:37:57,0
new-york,Rmethyst,如果你能忍受一个脏乱差，而且有很高概率碰见精神病的城市，那么纽约真的是年轻人的天堂。虽然因为忍不了脏乱差而离开，但我还是会时常想念这个独一无二的地方。,2017-07-27 17:13:51,1
new-york,bazzi667,读研生活过两年，还没好好看看这里就回国了，很想有时间再回去看看，永远的第二故乡。,2017-06-11 00:30:26,0
new-york,芯莞,"纽约是这样一座城市: 初到这里你会各种嫌弃, 但在这里学习生活工作之后你会深深地爱上它. 它的朝气, 热情, 生机勃勃让你无法去忽略它.",2017-06-03 00:52:31,0
new-york,带马头的猫,在这里拿到了我的master，已经生活了三年了！很喜欢这里,2017-05-26 00:36:52,0
new-york,龙哥Lukas,始终无法忘怀那句话：爱一个人，就带她来纽约，恨一个人，也带她来纽约！,2017-03-06 18:50:27,0
new-york,melangolo,big apple！,2017-02-15 05:11:35,0
new-york,alexccai,工作的时候望向窗外，特别容易出神。,2017-02-14 04:16:57,1
new-york,ZZH007,还没离开已经想念的地方,2016-11-15 10:24:41,0
new-york,edielady,"住了三年,也就这样吧",2016-11-11 10:46:04,0
new-york,高罗估KIBKIR,2016国庆去的纽约，非常性感，有魅力活力的一个城市，也有脏乱差的一面，市中心治安还好，一百多街区以后的地方，晚上少出门，能看得出，那里的人是有多热爱艺术，懂艺术。很容易让人爱上的一个城市，但对喜欢安静的我来说，太吵了些，消费也高。,2016-10-27 18:00:12,0
new-york,AmorEstate,来过无数次的纽约忙碌，繁华，有无尽的好吃好玩的东西，却脏的我变成了洁癖。。。现在在这里生活两个月到时渐渐习惯了它的这个缺点。。。,2016-10-18 04:46:54,0
new-york,小许许妞,追逐梦的城市，短短4个月改变了我太多。,2016-09-16 23:25:51,0
new-york,tiger_li77,我最爱的城市，一个充满了无限可能，每天都欣欣向荣的城市,2016-08-01 04:51:58,0
new-york,夏之沐,一个你不能放太多时间的城市 不然就好像走不出它了,2016-06-17 16:39:22,0
new-york,lavinia1011,Summer in NY.,2016-06-10 23:01:21,0
new-york,吴QQY,在岛上走路比坐地铁玩得开心,2016-06-01 10:44:16,0
new-york,traveller_Yi,大学最美好的时光在这里，接下来的两年，要继续经历！,2016-05-25 16:02:51,0
new-york,Xiexiaoguai1981,喜欢,2019-03-08 05:05:29,0
new-york,cynthiacy.chen,最最喜欢central park,2018-09-07 00:29:08,0
new-york,脸红的_思春期,纽约奇妙之旅,2018-09-03 10:11:26,2
new-york,Jinwei_Huang,"暴雨  堵车  找不到停车位

帝国大厦打卡  排队1小时，观景10分钟",2018-09-02 12:31:45,0
new-york,chang20022002,..,2018-08-20 13:00:10,0
new-york,李大叔_,All money,2018-08-12 00:10:17,0
new-york,火枪手埃尔顿,好美啊,2018-08-08 08:49:00,0
new-york,河马生鲜,快乐的和韩国姐妹在一起,2018-08-01 03:03:20,0
new-york,volidia,谁能拒绝纽约呢？I❤NY说一万遍,2018-07-27 14:36:14,0
new-york,穷游无线君,jjjajaj,2018-07-18 14:14:15,0
new-york,黄色潜水艇的情歌,来之前我还在想这个城市拉美人多点还是欧洲人多点 结果发现这里什么地方的人都多，纽约就像是一把汤匙，能将所有的不同人种像调料一样，完美的融合在一起。不同文化背景的碰撞，造就了它独一无二的城市个性。,2018-07-16 09:46:20,7
new-york,筱夜姬,学习生活了2年的地方，来去匆匆，以后还会来的！,2018-07-16 02:10:40,0
new-york,maoruke1,不宝宝宝宝宝宝,2018-06-28 11:14:16,0
new-york,Alex_hb,是一个金融发达的city,2018-06-11 00:12:43,0
new-york,FLOATER38-9,印象最深刻的是霉霉的“welcome to New York!”，想到这就情不能自已的晃动自己的身体,2018-05-16 18:02:09,0
new-york,是俺是俺,去大都会博物馆前建议大家看一下陈丹青的《局部》第二季（优酷在放）。曼哈顿下城世贸中心原址上的大楼，里外都很值得一看，三楼有一家Eatly，卖各种生鲜熟食，主要是意大利美食，餐厅卖的薄披萨是这里的特色，趁热吃很有中国烧饼的味道，只是缺了芝麻。,2018-05-13 19:41:29,16
new-york,小帅帅滴帅爸爸,作为《北京人在纽约》的死忠粉，来来回回看过这部剧不下十遍，第二次美国之行选择直飞纽约，也算是了却了自己多年的情怀。在这座城待了一周，给我的感觉正如印象中：繁华，但却不热情；自由，她真的很美国！,2018-05-10 16:40:10,36
new-york,hin会浪的Sonya,最多元化的城市，富得流油的华尔街，黑人聚居的哈莱姆，街头文艺的布鲁克林，先锋现代的Soho…这里的艺术馆就够你逛一周，这里的饭馆和酒吧走不完，没钱可以在central park闲逛，有钱包你有地方挥霍。这就是伍迪艾伦生活的地方。,2018-05-10 15:49:06,20
new-york,duckuia,现代化大都市，世界文化中心，看演出，看博物馆，看不尽的繁华都市。,2018-05-10 12:53:32,1
new-york,你的老粥-男孩,如果你爱她，请带她去纽约，因为那是天堂；如果你恨她，请带她去纽约，因为那是地狱。,2018-05-10 10:24:55,12
new-york,emma535,从friends. sex and the city 走入了现实。熟悉又亲切。,2018-12-02 11:33:55,0
new-york,相信你是好人fm6298,纽约证券交易所,2018-12-01 23:14:21,0
new-york,loveaparis,每一条街道都给你不一样的惊喜的城市,2018-11-21 01:07:07,0
new-york,旅行中的鱼,人多乱,2018-11-20 22:46:50,0
new-york,美景美食～毕生追求,跟上海最接近的城市，什么都有,2018-11-17 18:10:39,0
new-york,rayrayxu,冲着博物馆和自由女神像去的,2018-11-13 01:11:05,0
new-york,owensixy,博物馆很好。其他，没什么吸引力。,2018-11-06 08:15:42,0
new-york,Braggadocio,24h 地铁大赞,2018-11-03 21:43:07,0
new-york,洛杉矶傲天,居住半年,2018-10-21 08:14:51,0
new-york,CLYTLE_z,世界第一城市,2018-10-13 18:15:46,0
new-york,Jassssson,繁忙 燈紅酒綠 top place for entertainment capital of the world 國際化 multicultural 不夜城 exciting,2018-12-25 20:34:16,0
new-york,liujiemd,繁华的城市但是不如上海,2018-10-12 07:22:50,1
new-york,jj73浅之,?,2018-10-09 15:43:23,0
new-york,postkarte,"很大，但有秩序,很多可以参观的地方",2018-10-06 17:47:22,0
new-york,scayer,大，高楼大厦林立。IT设施落后了,2018-10-03 09:14:02,0
new-york,星冢,过去的繁华,2018-09-29 22:29:57,0
new-york,tomenscai,这就是国际范儿,2018-09-28 02:22:56,0
new-york,vanessaye416,Will miss New York forever,2018-09-26 22:39:50,0
new-york,foreverflower,历史和现代,2018-09-20 22:37:34,0
new-york,PINA乖兔兔,不夜之城！夜色中璀璨夺目的曼哈顿！白天夜晚都一样繁华的时报广场！美丽的中央公园！臭名昭著但我却认为是四通八达经济方便的纽约地铁！买买买到手累脚累的美国outlet！深夜超市地下各国美食街极致的垃圾快餐！一切一切让你又爱又恨,2018-09-14 22:01:46,0
new-york,leonlizhou,大都市,2019-02-26 16:16:41,0
new-york,jessie_blue,"纽约地铁“钢铁气”重，线路清晰速度快。整一个地下王国。
喜欢坐在曼哈顿大桥和布鲁克林大桥下看天黑灯亮，仿佛一天才刚开始。",2019-02-25 08:23:17,0
new-york,尼可可可可,从来没见过这样的地铁，居然会后边一截坏了让我们转移到前面几节车厢，然后扔下后边的空车厢走了....,2019-02-21 20:52:22,4
new-york,子曦妈妈,三个大博物馆超级推荐！,2019-02-20 05:41:04,0
new-york,慧小栗,自由、有活力,2019-02-17 05:05:18,1
new-york,噜噜兔八哥,1930年就已经如此繁华,2019-02-16 15:44:11,0
new-york,Lily云说云游,纽约是世界大都市，博物馆很有特色～,2019-02-07 21:22:22,0
new-york,Shuoqi,还有尼亚加拉大瀑布夜景,2019-02-06 09:04:49,0
new-york,xbegg,big apple finally,2019-02-04 19:27:06,0
new-york,继续吧,地铁便宜方便，中国城食品很便宜。时代广场不好找厕所。,2019-01-31 14:07:32,0
new-york,wuxiaomin98,大都市,2019-01-25 21:02:24,0
new-york,LuoDiudiu,包容，热辣，街头各种语言，各种文明交织，奇妙,2019-01-22 04:53:35,0
new-york,我是比尔,世界中心,2019-01-13 06:04:40,0
new-york,我有一个背包客的梦想,纽约，虽说是繁华的地儿. 但是高楼大厦 人山人海 每个人都很忙碌 生活节奏快,2019-01-04 21:51:26,0
new-york,jennychai6688,与想象中差距较大，这个城市已经不再是世界上最纸醉金迷的繁华奢靡的城市了。白天看有些破旧，即使晚上在灯光下也没有魔都的气势。,2019-01-04 19:58:01,0
new-york,AbbyXiao,大城市，到处都是像盒子一样的建筑，但是美食很多,2019-01-04 08:21:53,0
new-york,Flyerhlx,第一次去美国 经典的经典打卡 酒店打卡 餐厅打卡 11 Madison Park 2017 best 50 restaurant 第一 吃了Brooklyn 牛排 态度?到不行 印象深刻 和喜欢中央公园 就和伦敦海德公园一样 美好,2018-12-26 01:04:10,0
new-york,郁青云,"它是世界高学府的聚集地；它是世界文化演出活动的集散地，各路明星都会在这里表演；
纽约每年都能吸引大批人才，靠的不是其他，正是这些有形、无形的“舞台”，他们构成了纽约客文化的一部分......",2018-12-24 20:05:44,2
new-york,jiyiche,不错,2018-12-24 14:21:33,0
new-york,johnny-1981,因为跟团游，所以几乎远观了这个城市所有的标志物。但是没有看博物馆、没有上自由女神像、没有到帝国大厦楼顶、没有瞻仰世贸遗址、没有暴走整个布鲁克林、没有坐罗斯福岛的缆车……所以这一切流下的遗憾就期待下一次能自由的游览这个城市。,2018-12-20 09:51:17,0
los-angeles,玩物小生,有黑人的洛杉矶,2018-08-22 15:16:06,1
los-angeles,super-shine,有些乱哦,2018-08-21 13:19:27,2
los-angeles,自在随心6688,没有车寸步难行，油价好贵，矿泉水还要收回收瓶费用，加州物价真是贵,2018-08-20 18:20:00,1
los-angeles,chang20022002,..,2018-08-20 13:00:00,1
los-angeles,坐看夕阳0830,明天去,2018-08-19 00:14:37,0
los-angeles,桐雨知秋,向往生活的地方,2018-08-14 14:42:04,0
los-angeles,杨丫的,穷人眼中脏乱差,2018-08-10 06:49:57,1
los-angeles,囡囡Grazioso,市中心脏乱差，比弗利山庄豪华，圣莫妮卡很美,2018-08-09 22:26:32,1
los-angeles,昀的天空,城市气候宜人,2018-08-07 16:09:09,0
los-angeles,volidia,我可以在LA住一个月不会烦,2018-07-27 14:39:18,0
los-angeles,刘茜叫什么,洛杉矶除了几个大景点比如盖蒂，格里菲斯，环球等可以，市中心真的太脏乱差了！只要是背阴的地方，公厕的边上，停车场附近都是流浪汉，好莱坞星光大道还比不上国内大城市的步行街干净，到处都是垃圾袋，坑人也是一坑，路边对你hi的人你一伸手碰他东西就得买,2018-06-13 09:52:13,8
los-angeles,萌萌哒的小豪豪,如果洛杉矶只能选一个代名词，那一定是好莱坞，好莱坞是洛杉矶的魂灵。,2018-05-19 22:35:24,1
los-angeles,你的老粥-男孩,从此看到L.A. 再也做不到波澜不惊，可我还是固执的走向那座城。一定会再去星光大道，再去环球城，再去santa monica beach etc...只是换一个女主角而已。可是我好怕，每走一步，就想你一次。,2019-03-28 15:26:58,31
los-angeles,henry10,【中国城】位于联合车站附近，感觉面积比所谓美国最大中国城——旧金山唐人街还大，真像城中城，有商场、医院，更有林林总总的小店铺与餐馆等；特别是商场的名字都很大，什么远东之类，而小店铺也不脱天朝特色，占道摆放商品，小菜场里货品混乱地面肮脏。,2018-05-09 17:43:49,8
los-angeles,Margaret灵,环球城，好莱坞，星光大道等等,2018-04-30 09:31:09,0
los-angeles,BIGBANGISVIP8,破地方 千万别来留学,2018-03-12 08:22:08,2
los-angeles,thefourth,每天夕阳西下的时候都是magic time.,2017-10-10 06:52:10,1
los-angeles,顿感少年丹尼尔,威尼斯人～,2017-09-17 00:50:01,0
los-angeles,grandenoir,"转洛杉矶环球影城门票 儿童票两张
9月4号前有效 
3-9岁儿童使用",2017-07-20 15:44:45,0
los-angeles,赴美生子小雪妈,去美国生娃，洛杉矶是华人首选目的地！,2017-05-02 13:37:37,0
los-angeles,美景美食～毕生追求,脏脏的,2018-11-17 18:10:02,0
los-angeles,rayrayxu,环球影城让我很震撼。,2018-11-13 01:10:21,0
los-angeles,fischmeteor,比华利山庄名不虚传。,2018-11-03 22:38:52,0
los-angeles,蜗牛漫步云端,??有山有海,2018-10-22 00:21:25,0
los-angeles,闲不住的凯哥,图片永远比现实好看,2018-10-21 12:31:39,0
los-angeles,洛杉矶傲天,本地居民,2018-10-21 08:14:26,0
los-angeles,alexwong0130,无感,2018-10-19 23:29:23,0
los-angeles,Enno_Zhong,热，贵，有些无聊,2018-10-18 04:51:01,0
los-angeles,TheDipper,Love it! Love it! Love it!,2018-10-14 18:47:28,0
los-angeles,何寶BE,国际大农村,2018-10-08 02:31:57,0
los-angeles,西恩不露BOICE,居然没有很多人,2018-10-07 08:31:42,0
los-angeles,小嶋洋介,洛杉矶太大，圣盖博谷华人区和West LA差别也太大。,2018-10-03 02:00:17,1
los-angeles,雾颜顺,总体感觉洛杉矶印象没有旧金山好,2018-10-11 13:02:23,1
los-angeles,00xifei,好莱坞星光大道很普通,2018-09-27 14:05:34,1
los-angeles,stevenshen1228,不是一个繁华的城市，好莱坞的热闹和圣塔莫尼卡海岸的木板道才是重点。,2018-09-23 11:13:50,0
los-angeles,Jacky_lee00,第一次出国到LA，很兴奋一切都很新鲜,2018-09-11 22:34:18,0
los-angeles,iAmK,Amazing city,2018-08-30 05:49:03,0
los-angeles,气球爸爸,中心富有四周穷乱旧的城市,2018-08-29 15:23:25,1
los-angeles,门锅,我的老家,2018-08-27 20:01:16,0
los-angeles,奇多妙脆角,来USC交换的一年，小时候对洛杉矶的印象停留在湖人，以为这里是一个流光溢彩的繁华都市，但是来了以后慢慢地发现了洛杉矶很多不同的一面,2018-08-27 14:16:32,1
los-angeles,喵哩呼噜,沸腾蟹好吃,2019-01-25 13:28:41,0
los-angeles,烟潸古雨Ervin,只是去转机，被洛杉矶的机场坑惨了，机场太大，我转了n多航站楼，转机成功！远远看到了好莱坞的大字母！还想去看看！,2019-01-17 05:36:32,0
los-angeles,末迹和力哥,不冷冬季,2019-01-16 18:06:30,0
los-angeles,Aikia,Ok,2019-01-11 18:48:09,0
los-angeles,didi0422,合适生活，风景一般般。,2019-01-10 21:50:34,0
los-angeles,落山斌,我就生活在洛杉矶,2019-01-06 12:50:26,3
los-angeles,我有一个背包客的梦想,"洛杉矶是个蛮好的地儿. 
气候宜人",2019-01-04 21:50:43,0
los-angeles,hudachao1,并没有想象中的那么气势磅礴,2019-01-04 15:10:00,0
los-angeles,桃小樱,波光粼粼的大海，金灿灿的阳光，骑着Scooter满街跑,2019-01-03 11:31:15,0
los-angeles,走吧欧小宝,不错,2018-12-31 01:14:22,0
los-angeles,Staceyliu16,气候宜人,2018-12-29 11:00:35,0
los-angeles,jimmy47,2014,2018-12-29 02:34:43,0
los-angeles,秀武Show,好莱坞,2018-12-26 21:49:34,1
los-angeles,tonytonygao,"diverse, passionate, exciting, and too many homeless people",2018-12-24 23:33:35,0
los-angeles,xy18305935963,2,2018-12-23 19:07:30,0
los-angeles,Ehther,摊大饼,2018-12-22 21:01:37,0
los-angeles,quarterbs,✈️,2018-12-22 10:09:02,0
los-angeles,youyuguitar,来之前以为洛杉矶就是个大城市，来之后轻易不敢说洛杉矶，因为这个涵盖面积太大了！最终还是没去市中心，堵车和停车位问题让人望而却步。。。,2018-12-22 07:57:55,1
los-angeles,erinerinerin7,been there,2018-12-20 15:21:35,0
los-angeles,依翊11,好热,2018-12-08 19:41:43,0
los-angeles,小椅子0024,一定要开车⋯,2019-03-29 05:44:29,0
los-angeles,LittleJREN,非常好莱坞,2019-03-27 10:13:49,0
los-angeles,Taitinkei,City of Angles,2019-03-24 20:03:20,0
los-angeles,火药灵Ariadna,多文化的美国。,2019-03-24 19:40:34,0
los-angeles,kanly-lk,大农村,2019-03-24 09:26:57,0
los-angeles,ginthehuman,无,2019-03-22 23:26:21,0
los-angeles,啊户啊呜,环球影城棒棒哒！！有walking dead哈哈哈,2019-03-19 10:44:25,1
los-angeles,谁谁谁知道呢,对加州阳光真是印象深刻,2019-03-12 22:31:51,0
los-angeles,憬009,好,2019-03-07 03:33:46,0
los-angeles,penny暖,两级分化很严重的城市，晚上出门一定要小心！,2019-02-26 12:50:48,0
los-angeles,欲济河无梁,天气不错，空气很好。在迪士尼那天下大雨鞋子湿透了但一点都没有脏。去哪里都要堵好久的车！,2019-02-24 15:04:08,0
los-angeles,YR_shen,大大大,2019-02-21 19:40:27,0
los-angeles,子曦妈妈,喜欢这个城市,2019-02-20 05:42:18,0
los-angeles,林帅气handsomeLin,一个巨大且美丽的城市…,2019-02-14 01:57:37,0
los-angeles,renderzhu,因为USU来到一座城,2019-02-12 06:23:17,0
los-angeles,伊然想流浪,车速太快，城市太大，东西太贵,2019-02-11 23:26:35,0
los-angeles,Lily云说云游,LA是我年轻时呆过的地方，值得回忆的地方～,2019-02-07 21:20:37,0
los-angeles,lasalasalasa,?,2019-02-06 02:19:47,0
los-angeles,Charlane007,星光大道，杜比…ps：坐坐火车，自己四处逛逛也挺舒服的,2019-02-02 08:37:07,0
los-angeles,wuxiaomin98,暖和,2019-01-25 21:02:08,0
