城市名称,排名,攻略数量,景点名称,点评数量,简介,纬度,经度,评分,驴友来过比例
香港,,18,长洲岛,718,长洲岛的海鲜大排档人气颇高，还可沙滩戏水观日落，海堤骑行赏美景。,22.2048565,114.0380469,94.0,0.01
香港,,14,浅水湾,767,香港知名的美丽海滩，坡缓滩长，水清沙细，也是香港富豪聚居区。,22.2375688,114.2066546,92.0,0.09
香港,,13,西贡,435,新界东部“山和海相遇的地方”，拥有迷人海滩、新鲜海鲜大餐，还可乘船出海。,22.3867427,114.2821191,92.0,0.01
香港,,4,元创方,40,港式创意小店大本营，100多位设计师云集，真文青必到朝圣之地。,22.2866238,114.1632565,90.0,0.0
香港,,48,庙街,584,港式风情街，这里有夜市摊位、海鲜排挡、街头卖艺、算命摊，市井气息浓厚。,22.3102299,114.1817408,92.0,0.19
香港,,17,花园街,397,知名波鞋街，各种限量版球鞋都能找到，且价格实惠。,22.3239701,114.1823342,88.0,0.17
香港,,39,中环,2436,政商中心，高楼大厦尽显都市风采，美食购物夜生活应有尽有。,22.2830457,114.1703249,94.0,0.15
香港,,40,南丫岛,1272,离岛游首选，在如画景色间悠闲徒步，逛文艺小店、淳朴渔村，尝海鲜大餐。,22.2035231,114.1465323,94.0,0.08
香港,,41,大屿山,1061,古朴渔村、超大outlets、迪士尼乐园、禅寺大佛，大屿山包罗万象。,22.2691934,113.9531722,94.0,0.05
香港,,7,圣约翰座堂,135,中环闹市中的清静一隅，哥特式教堂、圣经彩绘玻璃，静谧安宁。,22.2817782,114.171258,90.0,0.05
香港,,3,香港艺术馆,242,古今藏品种类繁多，展示了各种特色作品，馆内可赏维港海景。,22.2965191,114.1836415,92.0,0.02
香港,,14,煤气灯街,270,穿越历史的石阶与煤气灯，老香港氛围浓厚，港剧经典取景地。,22.2827551,114.1682262,90.0,0.04
香港,,4,山顶广场,21,,22.2763983748,114.156469761,86.0,0.01
香港,,34,山顶缆车,958,最富有港味的交通方式，小火车外观复古，45度倾斜体验，必游景点。,22.2807325,114.1707189,90.0,0.04
香港,,12,九龙公园,476,九龙地区较大的城市公园，自然美景与文娱设施相结合，休闲胜地。,22.3033121,114.1823067,94.0,0.02
香港,,1,SoHo荷南美食区,3,装修各异的餐厅、布满涂鸦的酒吧吸引着不同肤色的食客,22.2858305632,114.1655534746,100.0,0.03
香港,,5,维多利亚公园,300,市区的大公园，拥有足底按摩园和儿童游乐区等，设施齐备。,22.2853223,114.2001484,92.0,0.01
香港,,2,终审法院,16,,22.2839588,114.1719541,100.0,0.01
香港,,1,尖东海滨,44,"除了标榜气氛佳的美食厅外，香港还是有不少免费的参观景点，像尖沙咀海滨公园就是适合想与海天融合为一的族群，不论是为了保留经费血拼或让自己的胃从大餐中暂歇一下，都可以信步到此来趟晚间的漫游。
尖沙咀海滨公园从天星码头旁的香港文化中心，…",22.298283,114.186048,86.0,0.0
香港,,3,皇后大道东,56,,22.2776244,114.1840311,92.0,0.01
香港,,8,青马大桥,295,全球知名的悬索式吊桥，机场乘车前往市区必经之地。,22.3542803,114.0850209,90.0,0.01
香港,,2,香港动植物公园,219,1000多种热带和亚热带动植物，“镇园之宝”美洲豹/美洲虎值得一看。,22.2804949,114.1676951,92.0,0.0
香港,,1,香港集古村,77,,22.2382051,114.1794622,86.0,0.0
香港,,22,美国小镇大街,67,,22.3159761,114.0549332,88.0,0.01
香港,,2,皇后大道西,42,,22.2903935,114.1519797,86.0,0.0
香港,,8,大浪湾,31,,22.2487817,114.2614716,92.0,0.0
香港,,3,榕树湾渡轮码头,91,,22.2302138,114.1206572,78.0,0.0
香港,,1,香港立法会大楼,1,香港立法会大楼，位于香港中环昃臣道8号，是现时香港立法会举行会议之地。,22.283985,114.171882,80.0,0.0
香港,,5,铜锣湾天后庙,68,,22.2851974,114.2041801,90.0,0.0
香港,,3,旧赤柱警署,6,,22.221635,114.2244525,80.0,0.0
香港,,1,市镇会堂,1,市镇会堂是香港迪士尼乐园的服务中心！您可在这里查询各类资料、餐厅订位、兑换外币、留言及索取地图指南。,22.3218551383,114.0519774564,100.0,0.0
香港,,8,香港中文大学,187,香港三大名校之一，依山而建，或现代或复古的教学楼错落有致。,22.419816,114.216507,92.0,0.0
香港,,1,七彩升空天地,1,充满嘉年华气氛的七彩升空气球，带您进入高耸入云的国度！登上这个直径达22米的氦气球，您将会升上100米高空，居高临下饱览一望无际的港岛南区美景，同场还有谐趣的小丑、艺高人胆大的杂技人和神秘的魔术师向您献技，最适合情侣和一家大小前来游玩…,22.2526360408,114.1813403784,0.0,0.0
香港,,3,砵甸乍街,141,石板是一条历史悠久的老街，是TVB多次取景之地，摄影爱好者常去的取景地。,22.2867083,114.1679683,88.0,0.0
香港,,3,高等法院,33,,22.2813598,114.1748765,92.0,0.0
香港,,1,聖安德烈堂,87,九龙区最悠久的基督教教堂，红砖外墙散发典雅的欧陆色彩。,22.3050267,114.1840069,82.0,0.0
香港,,1,百老汇电影中心,3,,22.3247258036,114.1856728721,80.0,0.0
香港,,10,旺角西洋菜南街,198,知名的电子产品一条街，种类齐全价格实惠。,22.3226643,114.1814386,92.0,0.0
香港,,1,金魚寶殿,50,,22.2486656,114.1881234,92.0,0.0
香港,,4,中银大厦,270,维港边的标志性建筑，贝聿铭事务所设计，形如竹子寓意“节节高升”。,22.2823208,114.1730196,90.0,0.0
香港,,2,冯平山博物馆,1,元代景教之铜制十字架：在这所珍贵的博物馆里，参观的重点是467个元代景教的铜制十字架，它是集目前世界上这类收集品的大成。这些铜制十字架原属于叙利亚的基督教派，唐朝年间（公元618～906年）流传至中国，它们使用的年代则可追溯至元朝（公元128…,22.2903023404,114.1450678093,60.0,0.0
香港,,0,香港特别行政区行政长官办公室,0,中华人民共和国香港特别行政区行政长官办公室（英文：Chief Executive's Office，CEO），是香港特别行政区行政长官的直属的办公部门。,22.2850713691,114.1766143656,0.0,0.0
香港,,3,士丹利街,0,士丹利街，亦被写作史丹利街，是香港岛中环的一条人流极多的街道，尤其是中区上班日午餐时份（中午12时至下午2时）。这条街上也有很多牌档，是香港一大特色。,22.284687,114.16774,0.0,0.0
香港,,1,沙田车公庙,37,,22.3763255,114.1943408,92.0,0.0
香港,,1,半月湾,0,半月湾是位于香港新界西贡区的一个小型公众沙滩，受到污染影响小，水质清澈纯净，达到香港水质标准的一级，是香港水质最好的十个公众海滩之一。,22.369061,114.303171,0.0,0.0
香港,,1,圆玄学园,0,荃湾区最具代表性的名胜之一，是香港唯一同时供奉佛、道、儒三教的总坛。院？炔贾眉？三教之长，精致高雅，其主体建筑仿照北京天坛的三教大殿，还以高矗入云的牌坊见著。院内供应精美素食。,22.3899163323,114.1294670396,100.0,0.0
香港,,2,九龙中央邮政局,1,,22.3153140882,114.1775184345,80.0,0.0
香港,,2,百德新街,3,百德新街是位于香港岛北部的一条人流车流颇多的街道，它在香港铜锣湾商业购物区。,22.28295,114.196828,90.0,0.0
香港,,1,诺士佛台,47,30家特色餐馆及酒吧提供环球美食和佳酿，饱尝饕餮盛宴。,22.3041151,114.1855182,90.0,0.0
香港,,1,香港粉岭联和墟,14,,22.502544,114.1548139,76.0,0.0
香港,,1,天水围体育馆,1,,22.4611592778,114.0129222205,60.0,0.0
香港,,0,青山禅院,4,,22.3945939,113.9708342,86.0,0.0
香港,,1,红勘,2,红磡是一个位于香港九龙半岛的旧区，当中大部份地域都在九龙城区内，但油尖旺区的香港理工大学、香港体育馆及红磡海底隧道入口等地传统上亦算是红磡的一部份。,22.305991,114.193266,70.0,0.0
香港,,0,香港中国旅行社（旺角店）,0,香港中国旅行社成立于1928年，是香港第一家由中国人开办的旅行社，是香港规模最大的旅游机构之一。,22.321861,114.183432,0.0,0.0
香港,,1,The Cavern,0,,22.286415899,114.1616796479,0.0,0.0
香港,,1,将军澳华人永远坟场,4,"将军澳华人永远坟场，是位于香港新界西贡区西南部魔鬼山的一处香港坟场，占地约285,000平方米。",22.302466516,114.254135877,100.0,0.0
香港,,1,李郑屋汉墓博物馆,33,,22.3409345,114.1715375,80.0,0.0
香港,,2,香港吐露港,11,,22.4430901,114.2177377,96.0,0.0
香港,,1,Pacific Coffee(展贸中心店),0,,22.3268575776,114.2146872859,100.0,0.0
香港,,1,罗屋民俗馆,10,,22.2677977,114.246732,80.0,0.0
香港,,1,香港競馬博物館,101,赛马是香港的特色，这里记录了赛马在香港100多年的发展历程。,22.2772959,114.19161,86.0,0.0
香港,,1,北帝庙,3,湾仔北帝庙，是湾仔区最悠久的寺庙之一。湾仔北帝庙建筑宏伟，面积是港岛庙宇之冠。,22.276001,114.185297,100.0,0.0
香港,,2,永利街,3,永利街是必列者士街对上的一条后街，从上环的水泥丛林里移步南行，经由荷里活路、城皇街、楼梯街，沿着宁靖山的山势弯曲而上，不多远，“永利街”，一个在香港再通俗不外的铁皮街牌涌现在面前。,22.2894859846,114.1558884353,80.0,0.0
香港,,2,香港电影资料馆,69,,22.2884766,114.2332896,92.0,0.0
香港,,2,新田大夫第,1,新界西北区新田乡为文姓聚居之地，建村已达数百年。最早的村民祖籍四川，系南宋时移徙至江西，其后代南下广东定居于新田。新田乡中古建筑物特多，祠堂中之麒峰文公祠及大夫第被当局列为古迹，重修后让市民自由参观。富家大宅及古老宗祠，正好为寻根…,22.502813,114.087964,90.0,0.0
香港,,1,流浮山,13,,22.4715558,113.9959066,80.0,0.0
香港,,1,尖沙咀中心,74,,22.3005592,114.1893355,90.0,0.0
香港,,1,又一城电影院,0,,22.3247258036,114.1856728721,0.0,0.0
香港,,4,坪洲,60,可以远眺香港迪士尼乐园及愉景湾。,22.2860843,114.0529783,88.0,0.0
香港,,1,新娘潭瀑布,2,新娘潭是郊野公园最出名的旅游点。民间传说曾有一顶大红花轿接了新娘，正往新郎家的途中，因其中一个轿夫失足，以致新娘跌下瀑布，淹死于潭中，故将此潭名为“新娘潭”。这里有银链般的瀑布，有茂密的灌木林，流水潺潺的横涌石涧，其下游的谷地宽广…,22.5098377879,114.2457349616,80.0,0.0
香港,,124,香港迪士尼乐园,16517,必游乐园，亲子游胜地，与卡通人物互动，身临其境感受童话王国。,22.315978,114.0529017,94.0,0.35
香港,,159,维多利亚港,3827,“世界三大夜景”之一，港岛、九龙两岸繁华尽收眼底，还可赏幻彩灯光秀。,22.2927275,114.1830693,92.0,0.46
香港,,113,太平山顶,6344,香港代表性景点，搭乘复古缆车抵达山顶，可俯瞰维港美景、参观蜡像馆。,22.2791795,114.1570529,90.0,0.46
香港,,3,怪兽大厦,37,,22.2875414,114.2235744,90.0,0.0
香港,,100,星光大道,2222,见证香港电影业发展史，星光熠熠，还可欣赏维港璀璨夜景。,22.2959109,114.1856561,94.0,0.46
香港,,12,彩虹邨,119,热门拍照打卡地，整齐有序而又色彩绚丽的彩虹墙和充满活力的操场相映成趣。,22.3392823,114.2170045,88.0,0.0
香港,,29,香港杜莎夫人蜡像馆,1859,源自英国的蜡像馆，位于山顶，蜡像造型逼真，可近距离与自己喜爱的名人合影。,22.2744141,114.1612669,90.0,0.2
香港,,7,天际100香港观景台,873,环贸100层，知名室内观景台，360度俯瞰维港、九龙、港岛美景。,22.3064721,114.1718763,92.0,0.02
香港,,39,兰桂坊,1006,夜生活殿堂地，酒吧街人头攒动，或畅饮聊天，或尽情热舞，越夜越热闹。,22.2840899,114.1671796,90.0,0.19
香港,,8,香港科学馆,507,展品涉猎丰富，70%可亲身体验，寓教于乐，亲子游热门景点。,22.3039118,114.1891518,94.0,0.04
香港,,0,基督教香港信义会蒙恩堂,0,,22.3371668,114.1854552,0.0,0.0
香港,,0,平安福音堂南山邨自修室,0,,22.3367769,114.1831069,0.0,0.0
香港,,0,圣博德堂区组织大楼,0,,22.341369,114.2003044,0.0,0.0
香港,,0,中华基督教会深爱堂,0,,22.3349787,114.1796379,0.0,0.0
香港,,0,冒季美牧师纪念礼堂,0,,22.3382709,114.1943226,0.0,0.0
香港,,0,基督教九龙城潮人生命堂,0,,22.3337718,114.1978782,0.0,0.0
香港,,0,泰人联系教会感恩堂,0,,22.334483,114.1984676,0.0,0.0
香港,,0,天后圣母古庙,0,,22.3400356,114.1974065,0.0,0.0
香港,,0,行德佛道社有限公司,0,,22.3340685,114.1984456,0.0,0.0
香港,,0,香港九龙塘基督教中华宣道会大坑东堂,0,,22.3339955,114.18174,0.0,0.0
香港,,0,神召会石硖尾堂,0,,22.3358012,114.1797951,0.0,0.0
香港,,0,基督教布道中心慈恩堂,0,,22.3391363,114.1986733,0.0,0.0
香港,,0,福德古庙（棠荫街）,0,,22.3336233,114.1819085,0.0,0.0
香港,,0,基督教灵光堂,0,,22.3337248,114.1775309,0.0,0.0
香港,,0,中华便以利会石硖尾堂,0,,22.333276,114.1823683,0.0,0.0
香港,,0,基督徒信望爱堂石硖尾堂,0,,22.3361573,114.1770699,0.0,0.0
香港,,0,省善真堂慈航静苑,0,,22.3363082,114.1889022,0.0,0.0
香港,,0,慈德社天后庙,0,,22.3402287,114.1974342,0.0,0.0
香港,,0,恩呈坊,0,,22.3381305,114.1995785,0.0,0.0
香港,,0,Tin Tak Shing Kau Che Kok Mei She,0,,22.3340716,114.1770767,0.0,0.0
澳门,,2,妈祖文化村,101,瞻仰著名的妈祖雕像，参观主体建筑天后宫，体验鲜明的闽南文化。,22.1266185,113.5742581,96.0,0.0
澳门,,24,议事亭前地,503,葡式历史建筑环绕着的美丽广场，黑白地砖铺成的地面宛若波浪。,22.1966983,113.5513516,92.0,0.31
澳门,,3,澳凼大桥,47,建于1970年，历时四年，于1974年竣工正式通车，总投资1400多万澳门币，全长约2.5公里，桥面有双股的快车道及两旁的人行道，是连接澳门半岛和凼仔岛的跨海大桥。大桥由葡萄牙桥梁专家贾多素设计、建筑，线条简洁大方，色调明快，与两岸建筑风格十分…,22.175145,113.558622,68.0,0.05
澳门,,15,澳门大学,102,依山而建的公立综合性大学，知名学府。,22.1360869,113.5523064,94.0,0.05
澳门,,2,卢廉若公园,104,,22.203614,113.5592224,86.0,0.03
澳门,,6,黑沙海滩,355,神秘迷人的黑沙、宁静惬意的海景，还有烧烤和葡国菜可大快朵颐。,22.1244607,113.582913,92.0,0.06
澳门,,4,望海观音像,3,"望海观音宝像，是港澳知名人士何厚铧先生倡议，何贤社会福利基金会率先捐资、各方善者襄助建造的，于1994年10月23日建成开光。观音宝像总高度为40.88米，用120吨青铜铸成，外贴纯金180两，是目前箔金铜像的世界之最。 
2000年7月宝像重塑金身，经大…",22.2049666815,113.5500031066,90.0,0.02
澳门,,1,澳门国父纪念馆,26,,22.2028696,113.5605209,88.0,0.01
澳门,,1,天后宫,3,位于嘉谟前地附近，是一座香火很盛的庙宇。此座庙宇历史逾百载，内奉天后娘娘，庙虽不大，但每日前往进香的善男信女却很多。天后庙里有一牌匾上书海晏波恬，这是善信们的一大心愿。,22.154944,113.567287,100.0,0.02
澳门,,1,何贤公园,2,位於新口岸区，是澳门新建的公园，占地一万二千平方米。公园呈长方形，设有六个出入口。公园的设施齐备，有专供儿童游玩的儿童游乐场，供游人乘凉的叁角形及半圆凉亭，桌面刻有棋盘以便市民下棋取乐的方桌，以及可供团体作公开演出的露天广场。,22.1954486482,113.5611890392,100.0,0.01
澳门,,2,竹湾海滩,55,竹湾海滩环境优美，面海靠山，海岸广阔，沙粒洁白。,22.1161442,113.5721039,88.0,0.01
澳门,,1,松山炮台,0,松山炮台所处位置是澳门的最高点，建于1637（或1638）年，面积约8600平方尺。由于在炮台上可俯瞰全澳，因此炮台的主要作用是防御外敌及作为观测站。炮台上的圣母雪地殿教堂，建于1626年，所祀的是葡国供奉的护卫航海之神。屹立在教堂旁的东望洋灯塔…,22.2026489566,113.5557450866,0.0,0.01
澳门,,1,普济禅院,41,,22.2031951,113.5674614,84.0,0.01
澳门,,2,新口岸青铜观音像,0,青铜观音像坐落在新口岸新填海区对开海面，由葡国雕塑设计师李洁莲设计，南京晨光集团铸造。竖立着观音像的人工岛与新口岸新填海区堤岸之间由一道长60米的行人通道接通，行人通道和人工岛地面上铺砌着葡国石仔，观音像的安装工程及佛教中心的？炔孔…,22.1929602836,113.5543836548,0.0,0.01
澳门,,2,加思栏花园,60,,22.1955224,113.5562633,88.0,0.01
澳门,,5,东望洋山,59,,22.1993561,113.5613245,98.0,0.01
澳门,,10,关闸,136,“凯旋门”式的拱形建筑门楼，半岛与陆地相连的地方。,22.2189101,113.5607451,90.0,0.02
澳门,,3,海事博物馆,202,位于葡萄牙人登岸点的博物馆，展品包括船只模型、航海设备，十分丰富。,22.189286,113.5421888,96.0,0.01
澳门,,2,龙头环,0,是凼仔岛的古老地名之一。凼仔天后宫、北帝庙等庙宇的楹联石刻中均有出现龙环、龙头环等字句。凼仔岛借澳凼大桥与澳门半岛相连，凼仔环境优美，著名的澳门大学、跑马场都在这个小岛上。龙环葡韵是指凼仔后背湾一带的欧陆风韵，该处往昔临海，风景优…,22.1631853817,113.562745135,0.0,0.0
澳门,,1,观音岩,1,"观音岩在澳门大学的山脚下，沿指示牌方向拾级而下就可到达。
观音岩供奉望海观音，据说，庙内安放观音像的位置，为昔年观音显灵之处，后来由一名福建人出资建成庙宇，奉祀观音大士。
殿堂面积虽然不大，但却甚为清幽，从殿外的空地上，更可远眺澳门…",22.1708624953,113.5625397982,0.0,0.0
澳门,,4,二龙喉公园,100,,22.2031931,113.5630691,86.0,0.01
澳门,,4,白鸽巢公园,58,,22.2029891,113.5510877,80.0,0.0
澳门,,5,亚美打利庇卢大马路,71,,22.1974293,113.5504029,88.0,0.0
澳门,,1,中央图书馆,4,办于一八九五年，原名为澳门公共图书馆，现命名为澳门中央图书馆。它的前身可以追溯到更早建于一八七三年的澳门图书馆，这是一所社团性质的机构，旨在建立一所私立的图书馆以收藏国内外的图书。一八九三年七月二十七日，在葡萄牙通过了一项澳门文化…,22.204668185,113.5528027299,80.0,0.0
澳门,,1,大型浮雕,0,大型浮雕，内容以记述澳门居民的生活形态为主。这座浮雕高约三百尺，分四层以六幅巨墙，由十二件组合板装配合而成。浮雕顶部是一座瞭望台，游人可以沿阶登上瞭望台，不仅能欣赏到这座别具特色的浮雕，还可尽览澳门及西江的景物。,22.1645417596,113.5581510534,0.0,0.0
澳门,,2,圣母雪地殿教堂,49,,22.1995482,113.5611687,86.0,0.01
澳门,,8,圣保禄教堂,1,"1602年奠基，1637年全部竣工，而教堂前一段长石阶则于稍后完成。这间教堂与火结下不解之缘，从其雏型起始，至现时仅存的前壁牌坊，先后经历三次大火，屡焚屡建，是一所活生生的历史见 。
1835年1月26日黄昏，圣保禄教堂失火，一发不可收拾，焚烧了…",22.2035659472,113.5470804632,100.0,0.0
澳门,,18,恋爱巷,177,大三巴牌坊前的文艺小街，建筑色彩清新亮丽，人气拍照打卡地。,22.2005138,113.552282,86.0,0.04
澳门,,9,澳门历史城区,220,体现中西文化交融的历史城区，已被评为世界遗产，可以悠闲漫步一整天。,22.1972462,113.5518932,94.0,0.01
澳门,,1,黑沙水库郊野公园,15,,22.1200321,113.5809981,92.0,0.0
澳门,,1,九澳七苦圣母小堂,20,,22.1352473,113.6008214,86.0,0.0
澳门,,4,十六浦娱乐场,4,,22.2032243806,113.542672944,90.0,0.0
澳门,,5,望德圣母堂,24,,22.2004671,113.5570519,88.0,0.0
澳门,,1,天主教博物馆,0,"天主教博物馆位于大三巴牌坊后，于1996年10月对外开放。博物馆建于数百年前被烧毁的圣保禄教堂原址，现存的大三巴牌坊就是圣保禄教堂的前门外壁。
博物馆展室在地下层，陈列多件宗教艺术品，表现澳门丰富的传教历史。收藏的展品中有图画、雕刻、及…",22.203960047,113.5468965505,0.0,0.0
澳门,,1,得胜公园,0,位於士多纽拜斯大马路，在松山南麓，现今交通科与伯多禄葡小学之间的一所花园，名为得胜花园。花园面积比较狭小，方园十余丈，备有红椅多张，供游人歇息小坐；园中数方绿茵，亦堪供人观赏。在繁嚣的市区中，得胜花园不失为一所令你人吸清新气息的“…,22.204879951,113.5547190234,0.0,0.0
澳门,,0,石排湾湿地,0,,22.1295155,113.5739124,0.0,0.0
澳门,,0,四桥亭,0,,22.162161,113.5560936,0.0,0.0
澳门,,0,美景宣道堂,0,,22.1602836,113.5653965,0.0,0.0
澳门,,0,路环步行径,0,,22.1249006,113.5700947,0.0,0.0
澳门,,0,猿人石“谏议大夫”,0,,22.1167444,113.5854728,0.0,0.0
澳门,,0,石面盆,0,,22.1214285,113.5702478,0.0,0.0
澳门,,0,路环步行径休憩公园,0,,22.1248932,113.5703019,0.0,0.0
澳门,,0,Coloane Alto,0,,22.1233617,113.5730181,0.0,0.0
澳门,,0,九澳福德祠,0,,22.1344551,113.592943,0.0,0.0
澳门,,0,三圣宫庙,0,,22.1217749,113.5625489,0.0,0.0
澳门,,0,九澳观音庙,0,,22.1338369,113.5934179,0.0,0.0
澳门,,0,澳门教区竹湾圣若瑟静院,0,,22.1159042,113.5742413,0.0,0.0
澳门,,0,圣依撒伯尔静修院,0,,22.1208147,113.5672946,0.0,0.0
澳门,,0,三圣庙,0,,22.137645,113.5932764,0.0,0.0
澳门,,0,九澳土地公庙,0,,22.136789,113.5928111,0.0,0.0
澳门,,0,路环社稷之神,0,,22.1182543,113.5630349,0.0,0.0
澳门,,0,黑沙大王庙,0,,22.1224849,113.5789925,0.0,0.0
澳门,,0,船人街路边土地公庙,0,,22.1218272,113.5620271,0.0,0.0
澳门,,0,G Box,0,,22.1518201,113.5659737,0.0,0.0
澳门,,0,金沙接驳点,0,,22.194775,113.5665266,0.0,0.0
澳门,,0,康公庙前地,0,,22.2001389,113.5491935,0.0,0.0
澳门,,0,栢蕙活动中心,0,,22.2053731,113.5623836,0.0,0.0
澳门,,0,澳门科技大学文体发展办办公室,0,,22.1558752,113.5809196,0.0,0.0
澳门,,0,Highest point in Taipa,0,,22.1613445,113.5774323,0.0,0.0
澳门,,0,Studio City Skate Park,0,,22.1438034,113.5740664,0.0,0.0
澳门,,0,澳门街头,0,,22.1474777,113.5760375,0.0,0.0
澳门,,0,上葡京艺术文化展馆,0,,22.1472277,113.5841633,0.0,0.0
澳门,,0,Leisure Area in Baía Norte do Fai Chi Kei,0,,22.2125556,113.5530087,0.0,0.0
澳门,,0,Songshan Jogging Trail,0,,22.19989,113.5605454,0.0,0.0
澳门,,0,Labyrinth Garden,0,,22.1272541,113.5817708,0.0,0.0
澳门,,0,Jeya’s Rock,0,,22.1288611,113.5755489,0.0,0.0
澳门,,0,路環藝文空間 Coloane Art Space,0,,22.120641,113.5629904,0.0,0.0
澳门,,0,石排灣市區公園 兒童設施1 Seac Pai Van Urban Park Children's Facilities 1,0,,22.1347927,113.5775409,0.0,0.0
澳门,,0,Wynn Palace Great Lawn,0,,22.1481973,113.5823144,0.0,0.0
澳门,,0,"Fortaleza da Taipa, Junto ao Cais",0,,22.1602375,113.5538904,0.0,0.0
澳门,,0,Rua de Felicidade,0,,22.1976614,113.5492099,0.0,0.0
澳门,,0,Leisure Area of Kun Iam Statue Waterfront,0,,22.1895485,113.5642855,0.0,0.0
澳门,,0,Macau Crazy Hall Slope Alley,0,,22.2003435,113.5561605,0.0,0.0
澳门,,0,東望洋新街 - Guia New Street,0,,22.1974552,113.5574603,0.0,0.0
澳门,,0,1869ᵈᵐ小基地,0,,22.1995147,113.5518817,0.0,0.0
澳门,,0,Biblioteca de Mong Há,0,,22.2092767,113.5636433,0.0,0.0
澳门,,0,Flower park,0,,22.1546918,113.570533,0.0,0.0
澳门,,0,The Cotai Strip,0,,22.149125,113.5753314,0.0,0.0
澳门,,0,"Centro de Convivio ""Hong Nin Chi Ka"" da Associacao de Agricultores de Macau",0,,22.2150122,113.5602233,0.0,0.0
澳门,,0,Po Tsai House Exhibition Hall,0,,22.2005855,113.5561733,0.0,0.0
澳门,,0,Kiang Wu History Museum,0,,22.2027694,113.5542629,0.0,0.0
澳门,,0,"Jardim da Montanha Russa, Montanha Russa Park",0,,22.2072789,113.5642057,0.0,0.0
澳门,,0,Associação dos Escoteiros de Macau,0,,22.1602358,113.5538648,0.0,0.0
澳门,,0,S. Lourenço Library,0,,22.1940882,113.5462998,0.0,0.0
澳门,,0,Museu Vivo Macaense,0,,22.1565461,113.5710095,0.0,0.0
澳门,,0,Library in Ho Yin Garden,0,,22.1954347,113.5606058,0.0,0.0
澳门,,0,RIDE 2 EXIT,0,,22.2070131,113.5535266,0.0,0.0
澳门,,0,Casa de Nostalgia,0,,22.1570139,113.5717403,0.0,0.0
澳门,,0,Plaza Oceano,0,,22.1640383,113.5557701,0.0,0.0
澳门,,0,Iglesia Ni Cristo - Macau District Office,0,,22.208753,113.5561443,0.0,0.0
澳门,,0,Seac Pai Van Library,0,,22.131605,113.5741072,0.0,0.0
澳门,,0,澳门美狮美高梅度假区,0,,22.1484687,113.5798945,0.0,0.0
澳门,,0,澳门荔枝碗船厂片区,0,,22.1240163,113.5637325,0.0,0.0
澳门,,0,路环天后古庙,0,,22.1182248,113.5635488,0.0,0.0
澳门,,0,保利美高梅博物馆,0,,22.188595,113.559549,100.0,0.0
澳门,,0,大堂前地,0,,22.1967099,113.5530141,0.0,0.0
澳门,,0,康真君庙/望厦坊众互助会,0,,22.2073904,113.5614621,0.0,0.0
澳门,,0,Planet J 冒险王国,0,,22.1494246,113.5776794,0.0,0.0
澳门,,0,澳门手信博物馆,0,,22.1902026,113.5431504,0.0,0.0
澳门,,0,Rest Area of Green Poplar,0,,22.2100978,113.5529259,0.0,0.0
台北,,0,仰德一号公园,0,仰德一号公园位于至善公园对面，复兴桥下，全园面积不大，但因背山而立，显得环境清幽。园内入口处有“小心毒蛇”警告标示，因此入园时须特别留意。园中有一莲雾树，常结实累累，煞是可爱！从入口处的右侧小径，是复兴桥下，设有多处座椅供乘荫，您…,25.098537,121.537467,0.0,0.0
台北,,1,前山公园,3,前山公园座落在阳明山仰德大道上，是一个绿荫处处，清凉消暑的好地方。前山公园是附近居民的老朋友，尤其在假日时分，茶桌处处，林间热闹滚滚，您可以选择树下泡茶的滋味，或是悠游于步道间，享受一季清凉。,25.150669,121.547629,80.0,0.0
台北,,2,农安公园,12,,25.0685789,121.5455363,86.0,0.0
台北,,1,盐寮抗日纪念碑,0,在风光绮丽的金沙湾海岸附近，耸立着一座抗日纪念碑，它忠实记录了台湾人民反抗外来侵略的可歌可泣的历史。1894年7月，日本帝国主义发动对中国的侵略战争，腐朽的清政府向日本屈膝求和，于1895年4月签订了丧权辱国的《马关条约》，割让台湾和澎湖列…,25.04254,121.927238,0.0,0.0
台北,,1,北台湾三角,0,"富贵角、鼻头角和三貂角并称为“北台湾三角” 。
富贵角俗称“打宾”，又称“小鸡笼”，是台湾省北岸最西边的一个峡角，其风棱石为最引人注目的海岸地貌，由风烛火山砾石形成，鬼斧神工，乃大自然的杰作。富贵角灯塔为台湾南北两大灯塔之一，附近有…",25.122144,121.916363,0.0,0.0
台北,,1,台北市文昌宫,15,,25.0608355,121.530969,86.0,0.0
台北,,2,新光大楼展望台,0,新光摩天大楼，位于台北车站正对面，是台北市最高的建筑物，堪称台北市的地标。摩天大楼楼高地上51层、地下7层，建筑高度244.15公尺，除了百货楼层及办公楼层之外，44、45楼设有福华云采餐厅，46楼则设置展望台，是一幢可供民众观赏地景的超高大楼…,25.047221,121.516838,0.0,0.0
台北,,1,树火纪念纸博物馆,24,,25.0514688,121.5439106,84.0,0.0
台北,,2,胡适公园,1,胡适公园座落于南港研究院路两侧。胡适公园设计精巧，后山一座游乐场，是半日游的好去处。附近的中央研究院有一座人类学博物馆，收藏许多台湾土著、汉人宗教和大陆边疆民族的珍贵文物，值得一探,25.042055,121.616822,0.0,0.0
台北,,2,台北植物园,55,,25.0347732,121.519939,100.0,0.0
台北,,1,中影文化城,0,中影文化城位于士林区至善路，离双溪公园仅有0.8公里，与东吴大学为邻，提供电影拍摄之用，场景包括仿古设计的古城门、护城河、碉堡，城内有茶楼、酒楼、四合院等，开放给游客参观；还有奇幻乐园、蜡像馆、恐怖迷洞、恐龙世界馆、伟人馆、立体电影…,25.097274,121.543814,0.0,0.0
台北,,2,台北艺术大学,17,,25.1385250092,121.4761901657,80.0,0.0
台北,,2,关渡自然公园,23,欣赏关渡自然的湿地风貌，园区还会经常举办主题展区、假日讲座等活动。,25.1221219,121.4814315,98.0,0.0
台北,,1,福林公园,0,"福林公园位于士林官邸对面福林路上，为台北市长黄大洲任内所建，1990年12月25日正式启用，是一个以山水景观石雕为其主题的公园！
本园的石雕由雕刻家黎志文先生采天然石材制作而成，其内容以大自然之事物景象为主体，作品分别有云、瀑布、山、能等…",25.095665,121.529463,0.0,0.0
台北,,1,林安泰古厝,27,,25.0752243,121.5407048,92.0,0.0
台北,,1,文山市民农园,3,,24.9774132,121.6015303,100.0,0.0
台北,,0,明德乐园,0,"位于士林内双溪的俪人谷，是一个人工化的游乐园，园内规划为四区，有游乐设施、森林公园、游泳池、烤肉露营区，兼具现代化及田野乐趣,是假日休闲好去处。俪人瀑布位于俪人谷的尽头，蓊郁的山林、幽静的溪谷，在此可从事露营烤肉等活动。",25.113685,121.566285,80.0,0.0
台北,,0,皇帝殿,0,皇帝殿位于石碇乡，是台北县热门的郊山，交通便利。皇帝殿有东、西二峰，海拔皆在570公尺左右，瘦脊的棱线贯穿其左右，攀登时须集中精神，小心翼翼跨步，或采“骑马”姿式，用屁股慢慢挪移而行，十分有趣。在皇帝殿山麓南侧，有一私人辟建的山林露…,24.982473,121.671178,0.0,0.0
台北,,1,信手坊,0,,24.9778119,121.4665749,0.0,0.0
台北,,0,艺术家联谊中心,0,"在台北市立美术馆旁，耸立着一栋都铎式建筑，时时吸引着各地婚纱业者前来取景，它就是美名－艺术家联谊中心。
艺术家联谊中心又名圆山别馆，或美术家联谊中心，在台北市中山北路三段181号，现内为一咖啡简餐馆。这栋建筑算来历史悠久！于公元1914年…",25.072636,121.524689,0.0,0.0
台北,,0,民有三号公园,0,,25.0620884,121.5578905,0.0,0.0
台北,,0,复华公园,0,,25.056471,121.5500443,0.0,0.0
台北,,0,延寿一号公园,0,,25.0611196,121.5665502,0.0,0.0
台北,,0,精忠公园,0,,25.0628124,121.5622846,0.0,0.0
台北,,0,台湾时轮佛学会,0,,25.0571563,121.5611873,0.0,0.0
台北,,0,台北市巴麦佛学会,0,,25.0647188,121.5573451,0.0,0.0
台北,,0,和平法盛洲佛学院,0,,25.0614352,121.564502,0.0,0.0
台北,,0,浸信会 颂德堂,0,,25.0673402,121.5577084,0.0,0.0
台北,,0,台北爱主教会,0,,25.0617248,121.5638424,0.0,0.0
台北,,0,佛光山普门寺,0,,25.0652603,121.5566595,0.0,0.0
台北,,0,延寿二号公园,0,,25.0608178,121.5631408,0.0,0.0
台北,,0,台北市召会七十二会所,0,,25.0615557,121.5620814,0.0,0.0
台北,,0,基督教浸信会颂恩堂,0,,25.0572718,121.5622919,0.0,0.0
台北,,0,社团法人台北市磐石福音遍传协会,0,,25.0664981,121.5589909,0.0,0.0
台北,,0,富锦五号公园,0,,25.0623992,121.5638385,0.0,0.0
台北,,0,伏羲八卦庙,0,,25.0670139,121.554664,0.0,0.0
台北,,0,富锦六号公园,0,,25.061716,121.5632221,0.0,0.0
台北,,0,北投天宝圣道宫,0,,25.1414015,121.5290607,0.0,0.0
台北,,0,林泉公园,0,,25.1443073,121.5252869,0.0,0.0
台北,,0,土地公(中正山福德祠),0,,25.1591072,121.5223487,0.0,0.0
台北,,5,饶河街观光夜市,447,数百家特色小吃，卤肉饭、药炖排骨、尝过难忘！,25.0541008,121.5876976,94.0,0.0
台北,,9,宁夏夜市,353,台湾有名的夜市之一，夜晚各色小吃齐聚道路中央，非常热闹。,25.0596713,121.5257984,92.0,0.0
台北,,216,台北101大楼,3942,台北的标志性建筑，每年的跨年烟火表演吸引数十万人前来观赏。,25.0366224,121.5750696,94.0,0.68
台北,,170,台北故宫博物院,5119,中华文化的精髓，翠玉白菜、肉形石、毛公鼎、汝窑瓷器和各式书画为镇馆之宝。,25.1058026,121.5587581,96.0,0.6
台北,,126,中正纪念堂,1479,参观底层的纪念展及四楼的整点仪队换岗仪式。,25.0385602,121.5305902,94.0,0.52
台北,,76,淡水渔人码头,811,淡水河入海口的码头，在堤岸咖啡悠闲体验渔港风情，在情人桥上欣赏淡江夕照。,25.187034,121.4220501,96.0,0.29
台北,,40,野柳地质公园,1238,怪石嶙峋的狭长海岬，酷似女王头像的蕈状岩石是标志性景观。,25.2098538,121.7007884,96.0,0.21
台北,,12,淡江中学,257,因周杰伦电影《不能说的秘密》名声大噪，漫步其中回忆校园青春时光。,25.1804,121.448038,86.0,0.23
台北,,73,西门红楼,602,百年建筑，西门町的醒目地标，楼内的文创小店值得参观选购。,25.0449146,121.5173471,94.0,0.29
台北,,104,国立国父纪念馆,517,铜像大厅可观看每天9:00-17:00整点庄严隆重的的换岗仪式。,25.0434631,121.5704442,94.0,0.37
台北,,0,阳明山光泉寺,0,,25.1801335,121.5440428,0.0,0.0
台北,,0,佛宝塔,0,,25.1385674,121.5294837,0.0,0.0
台北,,0,第56番 金轮山 泰山寺 地藏菩萨,0,,25.1680208,121.5532759,0.0,0.0
台北,,0,北投慈惠堂,0,,25.1462162,121.5246385,0.0,0.0
台北,,0,北投天台玉皇宫,0,,25.1413056,121.5266074,0.0,0.0
台北,,0,理天宫,0,,25.1419137,121.5230706,0.0,0.0
台北,,0,台北市观慧学会,0,,25.1443403,121.5196006,0.0,0.0
台北,,0,钟鼓峒,0,,25.1411578,121.5267228,0.0,0.0
台北,,0,十八份产业道路 樱花登山步道,0,,25.1562529,121.5392177,0.0,0.0
台北,,0,太子亭,0,,25.1514811,121.5535046,0.0,0.0
台北,,0,风动石,0,,25.1551102,121.5517203,0.0,0.0
台北,,0,弥陀寺,0,,25.1476845,121.5315034,0.0,0.0
台北,,0,大屯瀑布,0,,25.1651731,121.547162,0.0,0.0
台北,,0,紫明溪步道温泉露头,0,,25.1662022,121.5529767,0.0,0.0
台北,,0,大慈寺,0,,25.1536828,121.5259135,0.0,0.0
台北,,0,竹子湖观景台,0,,25.1705733,121.5505028,0.0,0.0
台北,,0,北投硫磺谷【福德宫】,0,,25.1473575,121.5331902,0.0,0.0
台北,,0,泉源纱帽步道-龙凤谷步道群,0,,25.149221,121.5410744,0.0,0.0
台北,,0,钟声幸福观景台 - 竹子湖海芋季,0,,25.1819539,121.5509561,0.0,0.0
台北,,0,顶湖福德宫,0,,25.1565895,121.5409736,0.0,0.0
北京,,3,寿康宫,11,,39.925596,116.400031,100.0,0.0
北京,,3,储秀宫,13,,39.9275092,116.4021961,88.0,0.0
北京,,1,武英殿,30,,39.921801,116.401033,96.0,0.0
北京,,5,成贤街,64,,39.951081,116.416381,88.0,0.0
北京,,2,世界花卉大观园,925,观赏世界各地的花朵和植物，适合带老人和小孩一起全家出游。,39.8408895,116.3600006,92.0,0.0
北京,,22,长安街,181,,39.914246,116.415894,96.0,0.0
北京,,5,银山塔林,83,,40.3251684,116.3320332,94.0,0.0
北京,,2,卧佛寺,108,,40.01321,116.213849,94.0,0.0
北京,,0,兴坨溪水生态湿地,0,,40.218041,116.42479,0.0,0.0
北京,,0,花博会主题公园-观景亭,0,,40.124609,116.572153,0.0,0.0
北京,,30,毛主席纪念堂,334,瞻仰开国伟人的遗容，了解第一代革命家的丰功伟绩。,39.9088684,116.4043245,92.0,0.18
北京,,99,天安门城楼,682,登上城楼，俯瞰长安街和天安门广场。,39.9151191,116.403963,94.0,0.15
北京,,48,明十三陵,2372,规模庞大、保存完好的皇家陵园，了解古代帝王陵墓建筑必去。,40.28496,116.2470711,92.0,0.14
北京,,26,国子监,554,明清两朝的“教育部”，参观内设展览，了解古代科举制度。,39.95288,116.4202669,96.0,0.13
北京,,41,后海公园,656,什刹海的组成部分，白天胡同京味十足，夜晚酒吧霓虹闪烁。,39.9483949,116.3888094,92.0,0.14
北京,,18,簋街,557,北京出名的美食圣地，令人流连忘返的夜市,39.947517,116.430081,92.0,0.11
北京,,24,北京孔庙,310,参观元代建筑和历代石碑、古迹，观赏传统乐舞表演《大成礼乐》。,39.9527721,116.420854,96.0,0.07
北京,,28,奥林匹克森林公园,747,,40.025223,116.396802,100.0,0.06
北京,,49,香山公园,2038,漫山红叶驰名中外，来此感受京城最美秋色。,39.9962098,116.1951819,94.0,0.04
北京,,4,中央广播电视塔,952,乘坐电梯登上塔顶观光台，俯瞰北京城市美景，夜晚时尤其美丽。,39.9249019,116.3134714,90.0,0.02
北京,,0,杂书馆(国学馆),7,,40.043387,116.4994907,100.0,0.0
北京,,10,国家自然博物馆,498,能够看到很多已经灭绝动植物的化石，逼真的恐龙模型，还有免费的4D电影。,39.8895252,116.406116,94.0,0.02
北京,,2,慈宁宫花园,2,​慈宁宫花园在慈宁宫和寿康宫南，是明清两朝太后太妃们礼佛和游憩之处，始建于明嘉靖十五年（1536年），清乾隆三十年（1765年）为满足乾隆皇帝的母亲孝圣宪皇太后礼佛、供佛的需要，对花园进行了大规模改建，遂成现制。,39.923732,116.40038,100.0,0.0
北京,,2,故宫博物院-养心殿,100,,39.9260779,116.4020889,94.0,0.0
北京,,8,坤宁宫,34,,39.9271399,116.4032581,92.0,0.0
北京,,7,交泰殿,30,,39.926801,116.403333,92.0,0.0
北京,,7,中和殿,38,,39.924163,116.4034514,92.0,0.0
北京,,15,太和殿,246,是紫禁城里的“金銮殿”，中国现存规格最高的宫殿，三大殿之首。,39.9236242,116.4034898,98.0,0.0
北京,,9,保和殿,125,,39.9247848,116.4034471,92.0,0.0
北京,,11,乾清宫,88,紫禁城内廷三大宫的正殿，曾是专属于皇帝的寝宫。,39.9264921,116.4033003,94.0,0.0
北京,,9,玲珑塔,181,,40.0037928,116.4002952,90.0,0.0
北京,,3,北京教区宣武门天主堂,112,,39.9067713,116.3816413,96.0,0.0
北京,,3,勅建弘慈广济寺,84,市内的一座百年古刹，以清代巨幅指画《胜果妙音图》为名。,39.930786,116.378703,96.0,0.0
北京,,11,爨底下村,234,参观古色古香的明清老建筑，在古村漫步、睡火炕、吃农家菜。,40.001593,115.652612,90.0,0.0
北京,,3,海淀公园,147,,39.99242,116.302269,94.0,0.0
北京,,1,北京市规划展览馆,118,,39.906237,116.40774,96.0,0.0
北京,,1,北京十三陵国家森林公园蟒山景区,382,秋天山间树叶红黄相间，风光优美，登顶后还可以远望北京城。,40.2793308,116.2911399,88.0,0.0
北京,,8,龙潭公园,401,市民放松休闲的城市公园，园林建筑古色古香，还有很多儿童游乐项目。,39.88453,116.4473511,94.0,0.0
北京,,12,龙庆峡,724,京郊夏季休闲避暑的胜地，每年冬季的冰灯展也非常壮观。,40.5576874,116.0094565,90.0,0.0
北京,,5,中国航空博物馆,335,馆藏丰富，各个款式型号的飞机琳琅满目，军事爱好者不容错过。,40.190723,116.3725921,92.0,0.0
北京,,18,十渡风景名胜区,946,戏水漂流×高山峡谷×游乐项目，京郊周末放松休闲的绝佳胜地！,39.6449679,115.6035971,90.0,0.0
北京,,6,元大都城垣遗址公园,245,古迹上建造起来的街心公园，四月海棠花大片开放。,39.98241,116.41595,94.0,0.0
北京,,1,北京外国语大学,138,,39.9614893,116.3195359,90.0,0.0
北京,,2,八达岭国家森林公园,145,,40.3438944,116.023937,90.0,0.0
北京,,3,砖塔胡同,19,,39.9281317,116.375089,94.0,0.0
北京,,2,中国地质博物馆,128,,39.9294908,116.3791891,96.0,0.0
北京,,1,法华寺,12,,39.893713,116.431126,82.0,0.0
北京,,16,雁栖湖,678,清新自然的山水风光中，体验众多水上娱乐项目，周末郊游好去处。,40.3992305,116.6742089,90.0,0.0
北京,,8,北京凤凰岭景区,546,游山玩水，拜访宗教古刹，有“京西小黄山”之称。,40.1122542,116.0912892,92.0,0.0
北京,,4,湖广会馆,89,200多年的老戏楼，听相声和京剧的好去处。,39.8951593,116.390523,92.0,0.0
北京,,251,故宫博物院,31323,世界五大宫之首，是中国明清两代的皇家宫殿。,39.924091,116.403414,96.0,0.52
北京,,69,中国国家博物馆,1437,超大的博物馆，四羊方尊、司母戊鼎等众多国宝所在地。,39.9117596,116.4077622,96.0,0.15
北京,,190,颐和园,15044,被誉为“皇家园林博物馆”，参观园林，泛舟昆明湖。,40.0045668,116.2805925,94.0,0.43
北京,,135,八达岭长城,13664,“不到长城非好汉”，这里是长城的精华部分。,40.362639,116.024067,94.0,0.38
北京,,83,什刹海风景区,3638,历史街区簇拥的优雅湖泊，环境优美，也是北京夜生活的核心地带。,39.9479249,116.3947297,94.0,0.29
北京,,2,太平洋海底世界,680,近距离观赏各种美丽的海洋生物和表演，探索神奇梦幻的海底世界。,39.9251708,116.3127401,84.0,0.0
北京,,46,古北水镇,3455,京郊少见的北方水镇，建筑古韵十足，泡温泉、登长城。,40.6598232,117.2840444,94.0,0.01
北京,,141,天安门广场,7516,伟大祖国的标志，早起看一场庄严肃穆的升旗仪式，瞻仰人民英雄纪念碑。,39.909652,116.4041774,96.0,0.5
北京,,112,天坛公园,5085,明清时期皇帝祭天之处，建筑精巧奇特，还可以参观祭天仪式表演。,39.888243,116.417246,94.0,0.36
北京,,0,南旱河滨水绿廊,0,,39.9668747,116.2505865,0.0,0.0
北京,,1,北京基督教会缸瓦市堂,19,,39.927475,116.379672,100.0,0.0
北京,,1,施家胡同,32,,39.900347,116.4010052,70.0,0.0
北京,,1,北京基督教会崇文门堂,32,,39.909112,116.426915,94.0,0.0
北京,,0,蔡元培故居,66,,39.92051,116.42511,96.0,0.0
北京,,0,中华圣经会旧址,0,圣经会是专门印刷并发行基督教《圣经》的机构。,39.920542,116.424126,70.0,0.0
北京,,6,石林峡,676,京郊罕见的石林峡谷，可以观看陡峭奇幻的地貌风光。,40.2693279,117.2480163,92.0,0.0
北京,,1,醇亲王府,43,前身是纳兰明珠和醇亲王的府邸，感受昔日王府的气势。,39.951392,116.39092,94.0,0.0
北京,,4,北京喇叭沟原始森林公园,319,北京保存最好的原始森林，春天看杜鹃花，秋天赏红叶。,40.9627999,116.4807141,88.0,0.0
北京,,4,银锭桥,261,旧时“燕京八景”之一，游玩后海的必经之地，充满了历史感。,39.945241,116.399424,94.0,0.0
北京,,4,宛平城,69,,39.8570966,116.2325838,94.0,0.0
上海,,15,上海野生动物园,23130,与世界各地的动物亲密接触，体验亲手投食给羊驼的乐趣。,31.0612069,121.7279644,94.0,0.0
上海,,37,武康路,431,14处优秀历史建筑，电影《色戒》中王佳芝与易先生最后幽会的地点。,31.217481,121.4475587,94.0,0.01
上海,,220,田子坊,3390,穿梭在上海小弄堂里，逛逛复古小店和文人工作室。,31.2143023,121.4750936,88.0,0.29
上海,,16,上海海洋水族馆,5243,观赏各种海洋生物，漫步海底隧道，感受五彩缤纷的海底世界。,31.2463922,121.5085735,94.0,0.03
上海,,17,上海影视乐园,1904,老上海影视拍摄地，坐有轨电车或黄包车，体验时光倒流。,31.0165753,121.3183636,84.0,0.01
上海,,1,上海之巅观光厅,1216,上海最高的观光厅，360度全视角欣赏上海魅力全景，实乃上海之巅。,31.2392048,121.5123423,92.0,0.0
上海,,31,上海科技馆,6759,上海最大的科普教育殿堂，体验各种模拟项目，感受科幻场景。,31.2243561,121.5478229,94.0,0.04
上海,,14,上海中心大厦,549,中国第一、世界第二高楼，在118层观光厅欣赏上海城市美景。,31.2392116,121.5119372,90.0,0.0
上海,,0,上海天文馆,4,,30.919028,121.9331708,98.0,0.0
上海,,36,北京东路,87,,31.2463974,121.4960717,90.0,0.0
上海,,31,多伦路文化名人街,528,参观鲁迅、茅盾、郭沫若等名人故居，在复古的洋楼老街散步拍照。,31.2691447,121.4882842,88.0,0.1
上海,,4,上海四行仓库抗战纪念馆,64,,31.2462413,121.4774473,94.0,0.0
上海,,43,金茂大厦,2662,上海第三高楼，著名地标之一，在88层观光厅俯瞰上海城市风光。,31.240944,121.5122673,96.0,0.13
上海,,39,静安寺,887,东部地区少见的融入藏式建筑风格的寺庙，闹市中的有名古刹。,31.2298504,121.4517536,92.0,0.05
上海,,14,外滩观光隧道,1768,我国第一条越江行人隧道，坐观光车厢“穿越地球”。,31.2440139,121.5038785,78.0,0.05
上海,,7,周公馆,131,保存完好的西班牙式花园洋楼，伟人们在沪展开革命之地。,31.2202695,121.4748631,96.0,0.01
上海,,1,孙中山故居纪念馆,217,孙中山和宋庆龄唯一共同的住所，老上海小洋房十分精致。,31.2221343,121.474366,94.0,0.0
上海,,6,新场古镇,501,品味明清老建筑、参观历史陈列馆。电影《色戒》曾在此取景。,31.0297928,121.6539134,88.0,0.0
上海,,1,吴江路,391,,31.2355684,121.465573,90.0,0.0
上海,,16,武康大楼,289,形似熨斗的上海知名建筑大楼，诸多名人曾入住于此。,31.2108227,121.4446423,94.0,0.0
北京,,10,黑龙潭风景区,371,欣赏峡谷、深潭、瀑布等自然风光，冬季看冰瀑奇观。,40.5722444,116.7974648,92.0,0.0
北京,,3,历代帝王庙,93,,39.9307656,116.3739587,96.0,0.0
北京,,2,先农坛,77,,39.8856708,116.3996735,98.0,0.0
北京,,1,勑赐广化寺,40,,39.947695,116.397336,90.0,0.0
北京,,5,白河堡水库,33,,40.6563651,116.1747953,90.0,0.0
北京,,1,辅仁大学旧址,45,,39.9426384,116.3904046,84.0,0.0
北京,,2,基督教堂,51,,39.989285,116.314114,92.0,0.0
北京,,1,百顺胡同,2,在八大胡同中百顺胡同名气最大。,39.897145,116.396206,0.0,0.0
北京,,3,郭守敬纪念馆,63,,39.953955,116.380657,94.0,0.0
北京,,2,陕西巷,63,,39.896169,116.3962473,82.0,0.0
上海,,2,罗店古镇,53,,31.417174,121.346904,82.0,0.0
上海,,0,双子山,0,,31.1837035,121.486341,92.0,0.0
上海,,0,渔人码头-人工沙滩,0,,30.819502,121.527068,0.0,0.0
上海,,0,上海千古情,2,,31.1922475,121.4906424,94.0,0.0
上海,,0,徐家汇体育公园,0,,31.186889,121.446061,76.0,0.0
上海,,0,锦绣文化公园,1,,31.197058,121.551858,96.0,0.0
上海,,0,上海环球金融中心观光厅,3,,31.2401649,121.5140825,92.0,0.0
上海,,4,老上海1930风情街,211,,31.237426,121.482317,84.0,0.0
上海,,0,南翔双塔,179,,31.2973012,121.314661,92.0,0.0
上海,,34,迪士尼小镇,1175,美食、购物一应俱全，华特迪士尼大剧院坐落于此。,31.1463401,121.6676534,96.0,0.0
上海,,1,闵行体育公园,504,,31.1489097,121.3773795,92.0,0.0
上海,,219,上海城隍庙,2083,位于市中心的著名道观，是历史悠久的祈福胜地。,31.2314712,121.4990336,94.0,0.37
上海,,52,上海环球金融中心,5308,登474米高的透明观光厅，平视东方明珠的尖顶、俯瞰全上海。,31.2399321,121.5143791,94.0,0.12
上海,,36,上海老街,724,一条汇集了上海最早的钱庄、金店、银楼、茶馆、戏楼等的老街。,31.2300999,121.4954646,94.0,0.18
上海,,105,人民广场,1884,名副其实的上海地标和交通枢纽，在广场上喂鸽子看喷泉。,31.234736,121.481492,94.0,0.13
上海,,82,外白渡桥,1309,上海标志性建筑之一，老上海题材影视剧取景地。,31.249653,121.49692,94.0,0.11
上海,,25,淮海路,607,在淮海路商业街疯狂购物，夜晚感受霓虹灯下的浪漫情调。,31.2247813,121.4761994,94.0,0.1
上海,,3,大宁公园,955,不用远赴海外，就能感受到荷兰赏花胜地“库肯霍夫花园”的郁金风情。,31.282174,121.449785,92.0,0.0
上海,,25,田子坊石库门,126,,31.214837,121.475066,94.0,0.06
上海,,11,世纪公园,2166,上海市内最大的生态公园，树木花草众多，休闲漫步的好去处。,31.2220458,121.558979,96.0,0.01
上海,,8,上海动物园,3125,中国第二大城市动物园，观察珍稀动物，体验亲手喂食。,31.1990228,121.3692843,94.0,0.0
上海,,3,张爱玲故居,193,,31.231097,121.454042,88.0,0.02
上海,,19,上海世纪大道,591,,31.2365398,121.5294113,92.0,0.01
上海,,13,人民公园,661,,31.2383709,121.4796872,94.0,0.01
上海,,1,喜玛拉雅美术馆,83,,31.2151808,121.5683855,84.0,0.0
上海,,19,泰晤士小镇,984,教堂、城堡、桥廊，充斥着英伦风情，婚纱写真取景胜地。,31.0397818,121.2044489,92.0,0.01
上海,,29,思南路,383,漫步思南路，细赏风格迥异的花园洋房，感受老上海的悠悠历史。,31.216464,121.4763846,96.0,0.02
上海,,9,中国共产党第一次全国代表大会会址,263,中国共产党的诞生地。,31.2260527,121.4818275,96.0,0.01
上海,,13,南浦大桥,129,,31.2100314,121.5147857,92.0,0.01
上海,,6,鲁迅故居,223,鲁迅先生生前最后的居所，陈列着许多先生用过的生活用品与写作用具。,31.2718193,121.4912036,92.0,0.01
上海,,5,梅赛德斯-奔驰文化中心,298,国内第一个可变容量的大型室内场馆，形似飞碟，曾举办过超大型演唱会和国际重要赛事。,31.1944601,121.4999821,90.0,0.0
上海,,3,上海海湾国家森林公园,1132,烧烤、骑马、骑单车，赏梅赏荷观鸟好去处。,30.8673784,121.6967116,86.0,0.0
上海,,10,鲁迅纪念馆,184,参观鲁迅先生生前的衣物、生活用品、手稿书信等珍贵藏品。,31.2755051,121.4904419,92.0,0.0
上海,,1,丁香花园,181,晚清北洋大臣李鸿章的私家花园，在上海极负盛名，保存完好。,31.2185978,121.4457926,92.0,0.0
上海,,5,东滩湿地公园,523,漫步于植被丰富的湿地栈道，是观日出和自然摄影的胜地。,31.5223523,121.9580428,84.0,0.0
上海,,3,上海汽车博物馆,859,观赏各种品牌的古董车，了解汽车发展史，体验模拟驾驶。,31.2846543,121.1768292,94.0,0.0
上海,,26,上海交通大学,487,文化底蕴深厚、办学传统悠久的全国重点大学，中西合璧的校园建筑和各式博物馆都值得参观拜访。,31.205559,121.439021,94.0,0.01
上海,,1,巴金寓所,9,"著名作家巴金在这幢房子三楼，从1937年起生活了18年，在这里完成了他的代表作《激流》三部曲的后二部《春》、《秋》和名著《寒夜》的写作 。解放后 , 又写出了《我们会见了彭德怀司令员》一文，编写了《英雄的故事》 小说集等。",31.2231835472,121.4663165851,94.0,0.0
上海,,2,上海图书馆徐家汇藏书楼,98,,31.1985267,121.4441543,92.0,0.0
上海,,8,上海辰山植物园,1501,在矿井花园看瀑布，冬天在展馆温室观赏各类珍稀植物。,31.0821272,121.1889689,94.0,0.0
上海,,3,亚细亚大楼,82,,31.239173,121.497753,90.0,0.0
上海,,2,日清大楼,145,,31.240183,121.497292,90.0,0.0
上海,,19,同济大学,347,上海百年名校，也是著名的赏樱胜地。,31.2885097222,121.5078955868,94.0,0.0
上海,,1,普济桥,37,,31.041216,120.9281989,82.0,0.0
上海,,2,多伦现代美术馆,2,,31.2697849021,121.488541063,100.0,0.0
上海,,2,上海滨江森林公园,368,观江景、看夕阳，或是在林中漫步，春季赏杜鹃花，夏季可欣赏湿地植物。,31.3890264,121.5347846,96.0,0.0
上海,,1,基督教国际礼拜堂,123,在礼拜日时可入内参观，聆听唱诗班的天籁之音。,31.212574,121.45445,94.0,0.0
上海,,5,上海大观园,741,漫步大型仿古建筑群，置身《红楼梦》的仿真场景之中。,31.07927,120.9164511,92.0,0.0
上海,,2,外滩情人墙,352,,31.2447781,121.4971978,92.0,0.0
上海,,2,上海大自然野生昆虫馆,906,国内首批活体昆虫展示馆之一，投食喂锦鲤，观赏蝴蝶标本。,31.2460017,121.5045236,88.0,0.0
上海,,4,广富林遗址文化公园,14,"不远的将来, 追寻上海历史之根,探究海派文化之源,品味自然生态的“广富林文化遗址公园”,将成为上海市民人文旅游的重头戏。",31.068189,121.204525,88.0,0.0
上海,,1,上海犹太难民纪念馆,306,国内唯一反映二战时期犹太难民生活的历史遗迹。,31.259707,121.515776,94.0,0.0
上海,,1,上海儿童博物馆,161,寓教于乐的知识殿堂，儿童可在此得到丰富的科普启蒙。,31.199852,121.419405,94.0,0.0
上海,,1,上海基督教沐恩堂,169,红色哥特式建筑十分显眼，是上海著名基督教堂。,31.239228,121.482439,94.0,0.0
上海,,3,上海古城墙,67,,31.2304609,121.490215,88.0,0.0
上海,,1,圣三一堂,158,,31.242438,121.492776,92.0,0.0
上海,,1,黄浦公园,279,,31.247448,121.497587,92.0,0.0
上海,,17,滴水湖,494,俯瞰像一个圆形水滴的人工湖，适合上海及周边游客周末自驾。,30.9035693,121.9473008,90.0,0.0
上海,,1,上海文庙,291,漫步在上海市区唯一的孔庙，感受儒家气息。周日旧书市场能让你淘到爱书。,31.2237362,121.4944892,92.0,0.0
上海,,3,猫的天空之城概念书店(新天地时尚购物中心一期店),89,上海十大清新书店之一，可以寄明信片给未来的自己。,31.22376,121.481901,94.0,0.0
上海,,2,上海世博展览馆,71,,31.1883958,121.496502,90.0,0.0
上海,,1,毛泽东旧居,127,毛泽东同志在上海居住过的地方。,31.2324329,121.46698,94.0,0.0
上海,,11,卢浦大桥,211,,31.1927759,121.4883966,94.0,0.0
上海,,2,上海市工艺美术博物馆,170,被称为“小白宫”，可以参观雕刻、刺绣等民间艺术制作。,31.2164133,121.4609165,92.0,0.0
上海,,2,课植园,210,朱家角的园林胜景，漫步于曲径或小憩于水榭，在园林小景中享受恬静惬意。,31.1192023,121.0590474,90.0,0.0
上海,,3,佘山国家森林公园-佘山天主教堂,118,欣赏山顶的巴洛克教堂建筑，感受不对称的设计美感。,31.100619,121.198897,92.0,0.0
上海,,5,秋霞圃,246,由三座明代私家园林和邑庙合并而成的经典园林，是上海难得的赏枫胜地。,31.3925193,121.2596044,92.0,0.0
上海,,2,金山城市沙滩,594,上海市内为数不多的海滨沙滩之一，玩沙子、海里游泳，尽情在海边撒欢。,30.7150338,121.3593959,86.0,0.0
上海,,10,东平国家森林公园,1511,去环园骑行、滑草、露营，在森林中自助烧烤也很有野趣。,31.6894718,121.4874055,90.0,0.0
上海,,2,上海国际时尚中心,8,,31.2778581028,121.563656178,94.0,0.0
成都,,3,中国泰迪熊博物馆,541,全球最大的泰迪熊博物馆，处处都有泰迪熊可爱的身影。,30.6435064,103.8042447,78.0,0.0
成都,,13,宝瓶口,170,宝瓶口是人工挖掘的一个水渠，是控制内江进水量的关键。,31.0043938,103.6193827,94.0,0.02
成都,,5,成都永陵博物馆,227,迄今发现的中国唯一一座建于地上的皇陵，地宫内有精美的石刻。,30.6807166,104.0537387,88.0,0.01
成都,,13,都江堰景区鱼嘴分水堤,199,用鹅卵石堆砌的像鱼的嘴一样的大坝，是都江堰最重要的部分。,31.008413,103.6155988,94.0,0.02
成都,,9,上清宫,162,青城山里位置最高的道观，香火旺盛可以祈福，也适合观日出。,30.9166269,103.5696431,92.0,0.01
成都,,10,二王庙,295,纪念都江堰工程的开凿者——李冰父子的祀庙，背山面水，环境幽静。,31.010956,103.617158,94.0,0.01
成都,,4,泰安古镇,143,幽静的川西风格古镇，适合休闲避暑，游览青城后山的主要住宿地。,30.9263241,103.4971146,76.0,0.01
成都,,10,伏龙观,49,建在离堆的上面，三面都是悬崖，观内有东汉时期的李冰石刻像。,31.003425,103.6195844,94.0,0.01
成都,,8,离堆公园,299,都江堰景区的入口，有伏龙观和都江堰博物馆等景点。,31.0019252,103.6200555,94.0,0.01
成都,,14,琴台故径,396,,30.6668517,104.0525931,90.0,0.02
成都,,13,安澜桥,509,横跨在都江堰内江和外江的分水处，走在桥面上，摇摇晃晃很刺激。,31.0114788,103.6148082,94.0,0.01
成都,,10,玉垒山公园,120,公园内树木茂盛，还有一段明代的古城墙，是当地人晨练的地方。,31.006127,103.621596,92.0,0.0
成都,,11,飞沙堰,94,都江堰水利工程的重要部分，具有泄洪排沙的功能。,31.0049858,103.6180398,96.0,0.01
成都,,1,刘氏庄园博物馆,531,国内保存最完好的地主庄园，庄内文物和泥塑“收租院”值得一看。,30.5133566,103.6334336,92.0,0.0
成都,,1,府南河活水公园,80,,30.6742555,104.0979746,94.0,0.0
成都,,5,天师洞道观,138,据说天师道的创始人——张道陵，曾经在这里修炼布道。,30.9083229,103.5669123,94.0,0.0
成都,,1,皇城清真寺,55,,30.662852,104.06934,90.0,0.0
成都,,1,古城遗址,35,,30.9075136,103.9322472,98.0,0.0
成都,,98,大慈寺,395,闹市区的古寺，有1600年的历史，玄奘法师在这里受戒、讲学。,30.6600541,104.0903585,92.0,0.01
成都,,15,昭觉寺,205,与成都动物园相邻，当地著名的古寺庙，有川西“第一禅林”之称。,30.7137837,104.1125807,92.0,0.0
成都,,1,都江堰中华大熊猫苑(原熊猫乐园),416,有许多萌萌的大熊猫，是一个亲子游的好地方。,30.8679898,103.5794224,94.0,0.0
成都,,1,南郊公园,81,,30.6509729,104.0536683,92.0,0.0
成都,,12,南桥,847,仿古廊桥，有精美的彩绘和木雕，夜景很漂亮，附近有美食街。,31.0025147,103.6227074,94.0,0.01
成都,,1,石象湖,767,乘船泛舟，感受湖光山色。春季赏郁金香，秋季赏百合花。,30.2002091,103.430711,72.0,0.0
成都,,2,彭州龙门山地震遗址公园,33,,31.1907808,103.774928,80.0,0.0
成都,,1,宝光禅院,217,成都著名寺院，有“镇寺三宝”舍利、贝叶经和铜优昙花。,30.8382664,104.1672659,100.0,0.0
成都,,1,五凤镇,8,五凤镇是成都市十个古镇之一，有着多种移民文化，五凤镇沿沱江两岸，距成都市48公里，风景优美，民风淳朴。,30.609833,104.484328,88.0,0.0
成都,,1,十二桥遗址,3,十二桥遗址位于四川省成都市蜀都大道十二桥路，是十二桥文化的中心聚落遗址，为商代至西周（公元前1700－前771年）建筑遗址。,30.6699488294,104.0524486849,100.0,0.0
成都,,1,四川建川博物馆聚落,393,国内最大的民间博物馆群，以抗战系列闻名，各展馆建筑风格各异。,30.505982,103.6263776,94.0,0.0
成都,,1,云顶山,91,不错的登山休闲之地，非常的清幽，山上还有千年古寺可以祈福。,30.7430466,104.494226,88.0,0.0
成都,,7,龙泉,13,位于成都市东部龙尔山上，是1984年以来新开辟的市级风景名胜区。包括花果山、百工堰、龙泉湖、石径寺等景区景点。,30.5631206247,104.2805758516,94.0,0.0
成都,,4,安仁古镇,505,古镇内有建川博物馆和刘氏庄园，还有很多复古老公馆。,30.5123736,103.6276527,90.0,0.0
成都,,5,建福宫,111,游览青城山的起点，还有长达394字的长联，被赞为“青城一绝”。,30.903765,103.579246,90.0,0.0
成都,,1,新华公园,130,,30.6620367,104.112231,92.0,0.0
成都,,1,泥巴沱风景区,49,,30.795455,104.175747,98.0,0.0
成都,,1,耍都文化广场,22,,30.65314,104.063659,100.0,0.0
成都,,2,云顶石城,27,,30.735294,104.495411,84.0,0.0
成都,,1,圆明宫,19,始建于明代万历年间的道观，观内供奉着圆明道母天尊。,30.919315,103.578349,80.0,0.0
成都,,7,合江亭,113,夜景很赞的仿古亭子，新建的爱情斑马线吸引了不少新婚夫妻。,30.6487457,104.0901883,92.0,0.0
成都,,2,四川省体育馆,8,其醒目的彩蝶式建筑造型是成都市的标志性建筑之一，它更是象征着四川省体育事业的腾飞。,30.637538,104.072852,80.0,0.0
成都,,2,桃花故里景区,79,,30.559419,104.326028,92.0,0.0
成都,,0,张飞营,1,张飞营位于简阳武庙烂田村和团堡村之间，与双流县太平镇交界，属龙泉山脉。四周是岩，仅有一条小路上山，山顶地势平坦。,30.403613,104.233818,80.0,0.0
成都,,3,玉垒阁,559,,31.007591,103.621034,96.0,0.0
成都,,1,赵云墓,2,位于大邑县城东1公里的银屏山下。冢大如小丘，依山而建，气势雄伟泅周有石砌女墙，古柏森森。墓前有清幽雅静的木结构四合院建筑，正中竖有高2．5米、宽1米的墓碑，上刻“仅顺平侯赵云墓”七篆体大字，两侧刻有填金对联：“赤胆永枯江原父老，忠魂犹…,30.601886,103.539809,90.0,0.0
成都,,7,老君阁,149,位于青城山第一峰绝顶上，可以远眺岷江和天府平川的美景。,30.9139362,103.5669739,94.0,0.0
成都,,1,万里子桥,5,,30.654247,104.055275,100.0,0.0
成都,,1,美乐园农家乐度假山庄,1,,30.582836,104.316945,20.0,0.0
成都,,1,白鹿森林公园,9,,31.217874,103.911881,0.0,0.0
成都,,2,芦沟竹海,71,消暑度假的好地方，适合全家出游。,30.373315,103.313944,86.0,0.0
成都,,1,杜鹃城遗址,7,,30.994673,103.595847,0.0,0.0
成都,,388,成都大熊猫繁育研究基地,14017,成都周边观赏大熊猫最便利的地方，很多萌萌的大熊猫等着你哦。,30.7471457,104.1457294,90.0,0.38
成都,,45,青城山,8287,“青城天下幽”，这里是道教的发源地，山间有多处道观可探寻。,30.9094178,103.5720319,92.0,0.17
成都,,63,都江堰景区,13974,中国目前保存最完整的古代水利工程。,31.0083024,103.615707,94.0,0.28
成都,,0,春熙路,1762,成都最具代表性的商业街，逛逛商场，吃吃小吃，打望美女。,30.6572981,104.0886423,92.0,0.0
成都,,404,武侯祠,7959,刘备和诸葛亮的合祀的祠宇，中国唯一的君臣合祀祠宇。,30.6525435,104.0543753,92.0,0.46
成都,,86,金沙遗址博物馆,2517,商周时代遗址，出土的“太阳神鸟”饰品，是中国文化遗产的标志。,30.6877428,104.0191159,96.0,0.1
成都,,0,人民公园,1,,30.6292084,104.0931291,100.0,0.0
成都,,6,熊猫谷,85,这里有参加野化训练的熊猫宝宝。,30.9710742,103.5876472,88.0,0.0
成都,,1,桤木河湿地公园,13,,30.6215092,103.635879,78.0,0.0
成都,,49,黄龙溪古镇,2493,漫步闲逛，感受古镇的悠闲。每年正月的烧火龙活动热闹非凡。,30.3242425,103.9772739,90.0,0.03
成都,,1,新津区纯阳观博物馆,18,,30.427987,103.802847,86.0,0.0
成都,,1,子龙庙,14,,30.601781,103.53911,100.0,0.0
成都,,1,回龙沟景区,8,,31.260067,103.794809,74.0,0.0
成都,,3,灵岩寺,11,,31.032282,103.620525,76.0,0.0
成都,,2,成都川菜博物馆,296,唯一以菜系文化为陈列内容的主题博物馆，吃货们的必去之地。,30.9016572,103.9364353,94.0,0.0
成都,,1,九峰山风景名胜区,65,驴友徒步的好地方，日出非常壮丽。,31.381085,103.889652,94.0,0.0
成都,,0,平乐音乐广场,2,景观音乐广场，为当地人和游客提供一个休闲娱乐的广场。,30.352834,103.341516,90.0,0.0
成都,,1,清真寺,2,位于成都市鼓楼南街。始建于明洪武八年（1375年），清雍正、乾隆时曾予大修，该寺坐西朝东，原建筑规模甚大，1941年邦克楼及木牌坊等被日机炸毁。现存主要建筑为礼拜殿，长方形，面阔3间，宽16．86米，进深7间，深31．55米，内置金柱二列，周围用双…,30.669108,104.078468,100.0,0.0
成都,,0,平沙落雁文化商业区,3,“平沙落雁”文化商业区位于邛崃市平乐古镇核心区，占地30亩，建筑面积11000平方米，由三条老式街道及8个院落群组成，采用古老的建筑手法，保存了川西古镇原始风貌。街区内现有主题酒吧、特色茶坊、咖啡西餐屋、中餐酒楼、风情客栈、手工艺品、特色…,30.352925,103.343013,86.0,0.0
成都,,0,花楸风景区,1,西出平乐古镇4公里，沿黄金堰至黄花路车行约20分钟，穿过10余里竹海，便到了素有“乡土人家，世外桃源”美誉的花楸山风景区。,30.396727,103.298206,100.0,0.0
成都,,1,祖师殿,31,殿内供奉着道教中的真武大帝、东岳大帝、吕洞宾和张三丰塑像。,30.908212,103.563126,96.0,0.0
成都,,1,小磨房,0,掩映在一片苍林翠木中，环境清幽、古朴。青青流淌的金龙河水经断裂的河床层层叠流，形成了30多米宽长湖瀑布奇观。古老的小磨房栖息岩畔溪旁，瓦顶圆柱，绳架石磨，磨扇悠悠转动，槽中溪流潺潺，磨下跌水成滩，遍滩水泡如同洒落的珍珠，因而得名珍珠…,30.284823,103.12867,100.0,0.0
成都,,2,秀水三韵,3,,30.25956,103.10628,0.0,0.0
成都,,11,雪山山门,0,,30.62037,103.17946,0.0,0.0
成都,,6,月城湖,69,青城山脚下的湖泊，景色清幽，还能坐游船游湖。,30.9083492,103.5750655,88.0,0.0
成都,,0,秦汉驿道遗址,0,秦汉驿道，又称南方丝绸之路，在四川成都邛崃市平乐镇骑龙山城隍岗，有一段长约两公里的秦汉驿道遗址。,30.339494,103.345269,100.0,0.0
成都,,0,金华山,2,,30.3379618,103.3032104,70.0,0.0
成都,,0,民俗风情院,0,平乐民俗风情院又名天工应物馆，院里有农田、农家小院、耍坝，游人既可以在这里参与体会农事活动，也可以观看民俗文化表演。,30.434468,103.493593,100.0,0.0
成都,,1,光严禅院,9,,30.820841,103.53225,86.0,0.0
成都,,2,成都当代美术馆,73,,30.5477556,104.0770248,96.0,0.0
成都,,1,两河城市森林公园,18,,30.723807,103.974735,40.0,0.0
成都,,1,三道堰,146,一座历史悠久的西蜀古镇，拥有独特的建筑风格。,30.8562994,103.9409249,86.0,0.0
成都,,2,扬雄墓,7,,30.841708,103.782636,100.0,0.0
成都,,1,瓮亭公园,19,,30.421131,103.465844,94.0,0.0
成都,,0,成都金鸡沟,2,竹林茂盛，空气清新。,30.354433,103.301168,80.0,0.0
成都,,0,农科村,4,“农科村”位于四川省成都市郫县境内，是全国农业旅游示范点，是“农家乐”的发源地，被誉为“鲜花盛开的村庄，没有围墙的公园”。,30.824085,103.800234,70.0,0.0
成都,,2,棠湖公园,134,,30.576629,103.9249,90.0,0.0
成都,,1,蒲江县西来古镇,47,,30.306253,103.516966,94.0,0.0
成都,,3,天府熊猫塔,285,,30.6680694,104.1011589,90.0,0.0
成都,,1,城隍庙,49,,31.005942,103.6219545,96.0,0.0
成都,,1,怀远镇,43,1600年历史的古镇，几乎家家都是编织的能工巧匠。,30.7455117,103.5412736,86.0,0.0
成都,,2,白鹿音乐小镇,180,充满法式风情的小镇，体验异域风情的好去处。,31.2114472,103.9204469,80.0,0.0
成都,,0,田园时代葡萄园,3,郫县“田园时代”由现代生态农业种植区、风情商业小镇、世界田园生活体验区、芳香国际疗养区和滨水度假区五大功能区组成，目前已形成2000多亩葡萄园、100亩猕猴桃种植园和30亩玫瑰园，规划并建设了一个风光旖旎的新农村小区徐堰花园。,30.834109,103.947778,100.0,0.0
成都,,1,中山广场,23,,30.6610298,104.0835021,90.0,0.0
成都,,1,九里堤公园,18,,30.698014,104.06255,94.0,0.0
成都,,1,花水湾第一村温泉,158,毗邻西岭雪山的大型温泉。,30.569086,103.2672006,88.0,0.0
成都,,0,中海体育公园,3,中海体育公园面积广阔，里面有篮球场、网球场、供人健身的户外器材等体育设施，可以为附近居民提供搞露天烧烤。,30.725836,103.979336,74.0,0.0
成都,,4,西南财经大学（柳林校区）,10,西南财经大学是教育部直属的全国重点大学，国家首批“211工程”大学之一，国家“985工程优势学科创新平台”重点建设高校。,30.692109,103.824852,92.0,0.0
成都,,1,平乐古镇漂流,3,可以再漂流的同时体验多元的民族文化、浓郁的民俗风情。,30.350507,103.342668,100.0,0.0
成都,,0,西岭峡谷漂流,15,,30.6733551,103.2641099,76.0,0.0
广州,,22,北京路步行街,754,如同去北京一般会去王府井大街逛逛一样，来广州也必去北京路步行街。,23.1291049,113.2740071,92.0,0.0
广州,,3,莲花山旅游区,543,新羊城八景之一“莲峰观海”，望海观音香火旺盛，春天可以赏桃花，夏天可以赏莲花、吃莲花宴。,22.9921006,113.5096647,94.0,0.0
广州,,0,世间香境·七溪地,0,,23.5369093,113.3942532,92.0,0.0
广州,,78,广州圣心大教堂,1004,典型的哥特式建筑，非常壮观，入内还可以看到漂亮的彩色玻璃窗。,23.1208034,113.2666588,92.0,0.24
广州,,20,南越王博物院(王墓展区),586,可以看到珍品“丝缕玉衣”，还能看到多达400余件的陶瓷枕。,23.1440327,113.2674736,94.0,0.03
广州,,14,黄埔军校旧址纪念馆,435,可以看到建筑遗迹等。,23.0921896,113.4314148,92.0,0.04
广州,,13,广州长隆度假区,8156,整个度假区很适合带孩子游玩，家庭周末出游的上佳选择。,23.0068778,113.3362315,94.0,0.0
广州,,0,客天下,0,,23.245312,113.280143,0.0,0.0
广州,,0,珠江夜游(太古仓码头),0,,23.0947235,113.2589411,0.0,0.0
广州,,0,泰佛殿,0,,23.135482,113.263114,0.0,0.0
广州,,14,广东省古村落小洲村,310,怀旧的村落，传统的民居参差错落，特色小店林立，文艺青年最爱。,23.068246,113.364821,82.0,0.0
广州,,3,六榕寺,155,1400年历史的古寺，寺内供奉着禅宗第六代祖师慧能的铜像。,23.134141,113.266451,92.0,0.01
广州,,2,农民运动讲习所旧址,82,,23.13386,113.2828704,92.0,0.0
广州,,7,宝墨园,1360,岭南园林式建筑，为纪念包拯所建，小桥流水，风景绮丽，一派水乡景色 。,22.9007141,113.3007952,94.0,0.0
广州,,6,海珠国家湿地公园,469,超大型的市内湿地，拥有万亩果园，欣赏岭南水乡的田园风光、赏花、观鸟都是不错的选择。,23.0697454,113.3419016,90.0,0.0
广州,,15,白水寨风景名胜区,1670,有多个观瀑平台，近距离欣赏白水仙瀑，感受瀑布奔流直下的气势。,23.5944242,113.7697008,92.0,0.0
广州,,136,珠江,78,珠江全长2400公里，是我国七大江河之一，也是南方最大河系，水资源总量仅次于长江。,23.070982,113.271873,90.0,0.08
广州,,28,龙津西西关大屋区,186,曾经西关富商的住宅，青砖高墙满洲窗，是广州老式民居的代表，,23.124446,113.2426536,90.0,0.1
广州,,45,中山大学(广州校区南校园),643,国内的知名高校，红砖建筑古朴迷人。,23.1027275,113.3046961,94.0,0.08
广州,,20,太古仓,311,以曾经的太古洋行码头仓库为基础打造的创意产业园区，休闲、吃饭、娱乐的好去处。,23.0947818,113.2591033,92.0,0.0
广州,,3,云台花园,187,大型的西式花园，还有上百种玫瑰的玫瑰园，是春天赏花、中秋赏灯的好去处。,23.1654146,113.2991593,92.0,0.01
广州,,4,大夫山森林公园,552,可以烧烤和骑单车的免费休闲公园，环境和空气都非常好。,22.956343,113.315528,92.0,0.0
广州,,1,东站广场水景瀑布,223,,23.152363,113.331374,92.0,0.0
广州,,5,南沙湿地,465,坐船体会独特的湿地景观，成片的红树林、芦苇荡、水边栖息的候鸟。,22.6053983,113.6427493,84.0,0.0
广州,,3,流溪河国家森林公园,482,这里森林苍翠、古木参天、溪水清澈，来此游山玩水，享受森林氧吧。,23.7593866,113.79654,84.0,0.0
广州,,5,虎门大桥,290,是中国第一座大型悬索桥，其主航道跨径888米，居中国前列，被誉为“世界第一跨”。,22.792189,113.614387,90.0,0.13
广州,,4,人民公园,139,,23.133405,113.270815,92.0,0.01
广州,,2,九龙泉餐厅(云山中路店),21,,23.1809081,113.3076225,90.0,0.0
广州,,1,广州雕塑公园,200,,23.156454,113.27673,92.0,0.0
广州,,19,百万葵园,1584,可以看到大片的花田和彩色的城堡，拍照及亲子游的好去处，还能吃到鲜嫩的葵花鸡。,22.6343582,113.6265391,80.0,0.0
广州,,1,天鹿湖森林公园,45,看禾雀花的好去处，每年的三、四月花开时如同万鸟栖枝，平时爬爬山、呼吸新鲜空气也不错。,23.2306424,113.4349799,94.0,0.0
广州,,1,广州鲁迅纪念馆,69,,23.130234,113.2833948,94.0,0.0
广州,,2,三元宫,84,,23.141037,113.269674,92.0,0.0
广州,,2,辛亥革命纪念馆,41,,23.078336,113.4268513,92.0,0.0
广州,,2,天适樱花悠乐园,327,花期可赏漫山樱花海，还设有儿童乐园，亲子游的好去处。,23.6344178,113.6000108,76.0,0.0
广州,,1,番禺博物馆,89,,22.958052,113.3521851,96.0,0.0
广州,,0,南沙滨海泳场,12,,22.766857,113.62641,70.0,0.0
广州,,6,大丰门景区,25,,23.5994099,113.8370334,84.0,0.0
广州,,1,黄大仙祠,44,,23.101465,113.233717,90.0,0.0
广州,,1,洪秀全故居,43,,23.4233786,113.1794126,86.0,0.0
广州,,1,天湖旅游风景区,28,“百丈飞瀑”是华南地区最大的自然瀑布，是远足探幽避暑的胜地。,23.6630277,113.6361649,70.0,0.0
广州,,5,南方大厦,61,,23.1141571,113.2591857,88.0,0.0
广州,,3,留耕堂,22,,22.9105511,113.3402459,94.0,0.0
广州,,1,玉岩书院,15,,23.191917,113.532109,88.0,0.0
广州,,1,农民运动讲习所旧址,3,"农民运动讲习所旧址由周恩来同志题匾的“毛泽东同志主办的农民运动讲习所旧址”坐落在广州市区中山四路，是一所革命纪念馆。
农讲所是在中国第一次国内革命战争时期（1921--1927）中国农民运动蓬勃发展的形势下开办的。1921年中国共产党成立。1924…",23.1342164998,113.2823859041,66.0,0.0
广州,,1,海蚀洞,12,,23.113316,113.607356,72.0,0.0
广州,,2,冯如墓,16,,23.1474247,113.301214,86.0,0.0
广州,,1,广州近代史博物馆,33,,23.134641,113.289774,92.0,0.0
广州,,2,裕达隆花园,0,裕达隆花园位于广东省增城市三江镇广汕公路北侧，距离广州市区80公里，惠州40公里，东莞30公里，总面积八十万平方米。历时三年，第一期建设方千始成。花园规模宏大，设计构思奇特、各具特色的景区、景点，富蕴中华人文精神，处处聚设计者、建造者达…,23.2274298636,113.8925960657,0.0,0.0
广州,,14,宝华路,14,宝华路位于广州市荔湾区，原来是由十五甫、宝华市、宝源市及存善大街组成的，在1931年扩建为路时，使用“宝华”作为路名。,23.12633,113.24868,100.0,0.0
广州,,2,花都盘古王庙,14,,23.4721614,113.1625851,100.0,0.0
广州,,1,西苑,0,"西苑在流花公园西侧。是一个以陈设盆景为主的公园，面积五千多平方米，湖心岛以较大型的盆栽及亚热带植物为主。
西区是公园的主体，这里山坡起伏，曲院回廊，荷池柳岸，景色幽美。在榕荫馆、亭榭及温室等展厅中，陈列有千多盆各种名贵类型的盆栽，…",23.1425879102,113.2489068806,0.0,0.0
广州,,4,南粤苑,183,一座岭南风格的园林，展现了当地的文化与民俗。,22.9035874,113.2971728,92.0,0.0
广州,,1,中华全国总工会旧址,47,,23.125529,113.284248,94.0,0.0
广州,,1,广州蓄能水电站旅游度假区,2,广州抽水蓄能电站旅游度假区位于从化市吕田镇小杉，广州抽水蓄能电站坐落在南昆山脉北侧，广州抽水蓄能电站距广州100公里，广州抽水蓄能电站面积27平方公里，上下水库水域面积740万平方米，积雨面积1940万平方米。上水库海拔900米，下库海拔270米，…,23.8148296559,113.9657042534,60.0,0.0
广州,,1,畲族风情村,1,在整个广州地区，惟一有少数民族的地方，就在增城的正果镇。兰溪畲族村，是广州地区最大的畲民聚居村落。虽然村里已经有些汉化了，但还是可以看到少数民族的风情。畲族有自己的语言、民歌和服饰，善长唱山歌，他们还有自己的图腾崇拜。畲族村位于罗…,23.3175472685,113.9883195777,100.0,0.0
广州,,1,广州起义纪念馆,26,,23.130345,113.270873,94.0,0.0
广州,,1,客家围垄屋,8,,23.3931122,113.6727491,76.0,0.0
广州,,1,东风公园,73,,23.148055,113.320366,90.0,0.0
广州,,3,歌莉娅,39,文艺潮人喜爱的地方，老式的小洋楼里藏着花店、书店、古本店和潮店，每个小细节都是惊喜。,23.126707,113.275381,94.0,0.0
广州,,0,深巷坊门楼,0,,23.047951,113.460363,0.0,0.0
广州,,0,岐田村大围门楼,0,,23.583968,113.428908,0.0,0.0
广州,,0,流香雅境,0,,23.755442,113.79002,0.0,0.0
广州,,0,光耀村文昌路陈氏祠堂,0,,23.361404,113.861586,0.0,0.0
广州,,0,花山镇城西村张永琏客家民宅,0,,23.500749,113.284897,0.0,0.0
广州,,0,山心村罗氏祖屋,0,,23.633878,113.331499,0.0,0.0
广州,,0,1689艺术空间,0,,23.233722,113.305185,0.0,0.0
广州,,0,庆头村叶氏宗祠,0,,23.406319,113.613614,0.0,0.0
广州,,0,新青年社旧址,0,,23.133191,113.274878,0.0,0.0
广州,,0,化龙镇沙亭村五色泉,0,,23.065916,113.453733,0.0,0.0
广州,,0,祖贵祖,0,,23.365459,113.293879,0.0,0.0
广州,,0,康氏二代基地,0,,23.421013,113.978079,0.0,0.0
广州,,0,坪埔石氏祠堂,0,,23.396399,113.791613,0.0,0.0
广州,,0,棕熊,0,,23.010162,113.31742,0.0,0.0
广州,,0,德寿里门楼,0,,23.168372,113.220484,0.0,0.0
广州,,0,西山村白屋祠堂,0,,23.662863,113.38403,0.0,0.0
广州,,0,南雪横街四号民居,0,,23.107007,113.267273,0.0,0.0
广州,,0,北社门楼,0,,23.151806,113.710496,0.0,0.0
广州,,0,何贤纪念医院员工活动室,0,,22.94037,113.37477,0.0,0.0
广州,,0,逸轩陈公祠,0,,23.144982,113.482912,0.0,0.0
